{"data":[{"ObjectIdentifier": "CBFF9D4A-1FBC-4F90-A658-F22980805EA0", "Properties": {"domain": "COOCTUS.CORP", "name": "ENTERPRISE-ADMINS@COOCTUS.CORP", "distinguishedname": "OU=ENTERPRISE-ADMINS,OU=SECURITY-OU,DC=COOCTUS,DC=CORP", "domainsid": "S-1-5-21-2062199590-3607821280-2073525473", "highvalue": false, "blocksinheritance": false, "description": null, "whencreated": 1623118876}, "IsDeleted": false, "IsACLProtected": false, "Aces": [{"RightName": "Owns", "IsInherited": false, "PrincipalSID": "S-1-5-21-2062199590-3607821280-2073525473-512", "PrincipalType": "Group"}, {"RightName": "GenericAll", "IsInherited": false, "PrincipalSID": "S-1-5-21-2062199590-3607821280-2073525473-512", "PrincipalType": "Group"}, {"RightName": "GenericAll", "IsInherited": true, "PrincipalSID": "S-1-5-21-2062199590-3607821280-2073525473-519", "PrincipalType": "Group"}, {"RightName": "WriteOwner", "IsInherited": true, "PrincipalSID": "COOCTUS.CORP-S-1-5-32-544", "PrincipalType": "Group"}, {"RightName": "WriteDacl", "IsInherited": true, "PrincipalSID": "COOCTUS.CORP-S-1-5-32-544", "PrincipalType": "Group"}], "Links": [], "ChildObjects": [{"ObjectIdentifier": "S-1-5-21-2062199590-3607821280-2073525473-1119", "ObjectType": "User"}, {"ObjectIdentifier": "S-1-5-21-2062199590-3607821280-2073525473-1117", "ObjectType": "User"}, {"ObjectIdentifier": "S-1-5-21-2062199590-3607821280-2073525473-1120", "ObjectType": "User"}, {"ObjectIdentifier": "S-1-5-21-2062199590-3607821280-2073525473-1121", "ObjectType": "User"}], "GPOChanges": {"AffectedComputers": [], "DcomUsers": [], "LocalAdmins": [], "PSRemoteUsers": [], "RemoteDesktopUsers": []}},{"ObjectIdentifier": "CE2BAAB4-BA43-45E2-9823-B9FF5D5C5703", "Properties": {"domain": "COOCTUS.CORP", "name": "DOMAIN-ADMINS@COOCTUS.CORP", "distinguishedname": "OU=DOMAIN-ADMINS,OU=SECURITY-OU,DC=COOCTUS,DC=CORP", "domainsid": "S-1-5-21-2062199590-3607821280-2073525473", "highvalue": false, "blocksinheritance": false, "description": null, "whencreated": 1623114739}, "IsDeleted": false, "IsACLProtected": false, "Aces": [{"RightName": "Owns", "IsInherited": false, "PrincipalSID": "S-1-5-21-2062199590-3607821280-2073525473-512", "PrincipalType": "Group"}, {"RightName": "GenericAll", "IsInherited": false, "PrincipalSID": "S-1-5-21-2062199590-3607821280-2073525473-512", "PrincipalType": "Group"}, {"RightName": "GenericAll", "IsInherited": true, "PrincipalSID": "S-1-5-21-2062199590-3607821280-2073525473-519", "PrincipalType": "Group"}, {"RightName": "WriteOwner", "IsInherited": true, "PrincipalSID": "COOCTUS.CORP-S-1-5-32-544", "PrincipalType": "Group"}, {"RightName": "WriteDacl", "IsInherited": true, "PrincipalSID": "COOCTUS.CORP-S-1-5-32-544", "PrincipalType": "Group"}], "Links": [], "ChildObjects": [{"ObjectIdentifier": "S-1-5-21-2062199590-3607821280-2073525473-1115", "ObjectType": "User"}, {"ObjectIdentifier": "S-1-5-21-2062199590-3607821280-2073525473-1116", "ObjectType": "User"}], "GPOChanges": {"AffectedComputers": [], "DcomUsers": [], "LocalAdmins": [], "PSRemoteUsers": [], "RemoteDesktopUsers": []}},{"ObjectIdentifier": "C3C10DC7-DF1E-4BC5-8A96-986A9B392948", "Properties": {"domain": "COOCTUS.CORP", "name": "SECURITY-OU@COOCTUS.CORP", "distinguishedname": "OU=SECURITY-OU,DC=COOCTUS,DC=CORP", "domainsid": "S-1-5-21-2062199590-3607821280-2073525473", "highvalue": false, "blocksinheritance": false, "description": null, "whencreated": 1623114641}, "IsDeleted": false, "IsACLProtected": false, "Aces": [{"RightName": "Owns", "IsInherited": false, "PrincipalSID": "S-1-5-21-2062199590-3607821280-2073525473-512", "PrincipalType": "Group"}, {"RightName": "GenericAll", "IsInherited": false, "PrincipalSID": "S-1-5-21-2062199590-3607821280-2073525473-512", "PrincipalType": "Group"}, {"RightName": "GenericAll", "IsInherited": true, "PrincipalSID": "S-1-5-21-2062199590-3607821280-2073525473-519", "PrincipalType": "Group"}, {"RightName": "WriteOwner", "IsInherited": true, "PrincipalSID": "COOCTUS.CORP-S-1-5-32-544", "PrincipalType": "Group"}, {"RightName": "WriteDacl", "IsInherited": true, "PrincipalSID": "COOCTUS.CORP-S-1-5-32-544", "PrincipalType": "Group"}], "Links": [], "ChildObjects": [{"ObjectIdentifier": "CBFF9D4A-1FBC-4F90-A658-F22980805EA0", "ObjectType": "OU"}, {"ObjectIdentifier": "CE2BAAB4-BA43-45E2-9823-B9FF5D5C5703", "ObjectType": "OU"}], "GPOChanges": {"AffectedComputers": [], "DcomUsers": [], "LocalAdmins": [], "PSRemoteUsers": [], "RemoteDesktopUsers": []}},{"ObjectIdentifier": "AEC26E14-6416-4143-B6F1-CE8881E169CF", "Properties": {"domain": "COOCTUS.CORP", "name": "MARKETING@COOCTUS.CORP", "distinguishedname": "OU=MARKETING,OU=STAFF,OU=EMPLOYEES,DC=COOCTUS,DC=CORP", "domainsid": "S-1-5-21-2062199590-3607821280-2073525473", "highvalue": false, "blocksinheritance": false, "description": null, "whencreated": 1623114433}, "IsDeleted": false, "IsACLProtected": false, "Aces": [{"RightName": "Owns", "IsInherited": false, "PrincipalSID": "S-1-5-21-2062199590-3607821280-2073525473-512", "PrincipalType": "Group"}, {"RightName": "GenericAll", "IsInherited": false, "PrincipalSID": "S-1-5-21-2062199590-3607821280-2073525473-512", "PrincipalType": "Group"}, {"RightName": "GenericAll", "IsInherited": true, "PrincipalSID": "S-1-5-21-2062199590-3607821280-2073525473-519", "PrincipalType": "Group"}, {"RightName": "WriteOwner", "IsInherited": true, "PrincipalSID": "COOCTUS.CORP-S-1-5-32-544", "PrincipalType": "Group"}, {"RightName": "WriteDacl", "IsInherited": true, "PrincipalSID": "COOCTUS.CORP-S-1-5-32-544", "PrincipalType": "Group"}], "Links": [], "ChildObjects": [{"ObjectIdentifier": "S-1-5-21-2062199590-3607821280-2073525473-1129", "ObjectType": "User"}, {"ObjectIdentifier": "S-1-5-21-2062199590-3607821280-2073525473-1124", "ObjectType": "User"}], "GPOChanges": {"AffectedComputers": [], "DcomUsers": [], "LocalAdmins": [], "PSRemoteUsers": [], "RemoteDesktopUsers": []}},{"ObjectIdentifier": "72ACE21D-7339-444D-8838-0E51991A2A81", "Properties": {"domain": "COOCTUS.CORP", "name": "SALES@COOCTUS.CORP", "distinguishedname": "OU=SALES,OU=STAFF,OU=EMPLOYEES,DC=COOCTUS,DC=CORP", "domainsid": "S-1-5-21-2062199590-3607821280-2073525473", "highvalue": false, "blocksinheritance": false, "description": null, "whencreated": 1623114426}, "IsDeleted": false, "IsACLProtected": false, "Aces": [{"RightName": "Owns", "IsInherited": false, "PrincipalSID": "S-1-5-21-2062199590-3607821280-2073525473-512", "PrincipalType": "Group"}, {"RightName": "GenericAll", "IsInherited": false, "PrincipalSID": "S-1-5-21-2062199590-3607821280-2073525473-512", "PrincipalType": "Group"}, {"RightName": "GenericAll", "IsInherited": true, "PrincipalSID": "S-1-5-21-2062199590-3607821280-2073525473-519", "PrincipalType": "Group"}, {"RightName": "WriteOwner", "IsInherited": true, "PrincipalSID": "COOCTUS.CORP-S-1-5-32-544", "PrincipalType": "Group"}, {"RightName": "WriteDacl", "IsInherited": true, "PrincipalSID": "COOCTUS.CORP-S-1-5-32-544", "PrincipalType": "Group"}], "Links": [], "ChildObjects": [{"ObjectIdentifier": "S-1-5-21-2062199590-3607821280-2073525473-1126", "ObjectType": "User"}, {"ObjectIdentifier": "S-1-5-21-2062199590-3607821280-2073525473-1127", "ObjectType": "User"}], "GPOChanges": {"AffectedComputers": [], "DcomUsers": [], "LocalAdmins": [], "PSRemoteUsers": [], "RemoteDesktopUsers": []}},{"ObjectIdentifier": "8DBD3FE6-AFB1-4ADD-884D-B5D37753890C", "Properties": {"domain": "COOCTUS.CORP", "name": "R&D@COOCTUS.CORP", "distinguishedname": "OU=R&D,OU=STAFF,OU=EMPLOYEES,DC=COOCTUS,DC=CORP", "domainsid": "S-1-5-21-2062199590-3607821280-2073525473", "highvalue": false, "blocksinheritance": false, "description": null, "whencreated": 1623114416}, "IsDeleted": false, "IsACLProtected": false, "Aces": [{"RightName": "Owns", "IsInherited": false, "PrincipalSID": "S-1-5-21-2062199590-3607821280-2073525473-512", "PrincipalType": "Group"}, {"RightName": "GenericAll", "IsInherited": false, "PrincipalSID": "S-1-5-21-2062199590-3607821280-2073525473-512", "PrincipalType": "Group"}, {"RightName": "GenericAll", "IsInherited": true, "PrincipalSID": "S-1-5-21-2062199590-3607821280-2073525473-519", "PrincipalType": "Group"}, {"RightName": "WriteOwner", "IsInherited": true, "PrincipalSID": "COOCTUS.CORP-S-1-5-32-544", "PrincipalType": "Group"}, {"RightName": "WriteDacl", "IsInherited": true, "PrincipalSID": "COOCTUS.CORP-S-1-5-32-544", "PrincipalType": "Group"}], "Links": [], "ChildObjects": [{"ObjectIdentifier": "S-1-5-21-2062199590-3607821280-2073525473-1125", "ObjectType": "User"}, {"ObjectIdentifier": "S-1-5-21-2062199590-3607821280-2073525473-1128", "ObjectType": "User"}], "GPOChanges": {"AffectedComputers": [], "DcomUsers": [], "LocalAdmins": [], "PSRemoteUsers": [], "RemoteDesktopUsers": []}},{"ObjectIdentifier": "D47E6C19-612A-4D76-94C1-C80A65ECF708", "Properties": {"domain": "COOCTUS.CORP", "name": "HR@COOCTUS.CORP", "distinguishedname": "OU=HR,OU=STAFF,OU=EMPLOYEES,DC=COOCTUS,DC=CORP", "domainsid": "S-1-5-21-2062199590-3607821280-2073525473", "highvalue": false, "blocksinheritance": false, "description": null, "whencreated": 1623114361}, "IsDeleted": false, "IsACLProtected": false, "Aces": [{"RightName": "Owns", "IsInherited": false, "PrincipalSID": "S-1-5-21-2062199590-3607821280-2073525473-512", "PrincipalType": "Group"}, {"RightName": "GenericAll", "IsInherited": false, "PrincipalSID": "S-1-5-21-2062199590-3607821280-2073525473-512", "PrincipalType": "Group"}, {"RightName": "GenericAll", "IsInherited": true, "PrincipalSID": "S-1-5-21-2062199590-3607821280-2073525473-519", "PrincipalType": "Group"}, {"RightName": "WriteOwner", "IsInherited": true, "PrincipalSID": "COOCTUS.CORP-S-1-5-32-544", "PrincipalType": "Group"}, {"RightName": "WriteDacl", "IsInherited": true, "PrincipalSID": "COOCTUS.CORP-S-1-5-32-544", "PrincipalType": "Group"}], "Links": [], "ChildObjects": [{"ObjectIdentifier": "S-1-5-21-2062199590-3607821280-2073525473-1123", "ObjectType": "User"}, {"ObjectIdentifier": "S-1-5-21-2062199590-3607821280-2073525473-1130", "ObjectType": "User"}], "GPOChanges": {"AffectedComputers": [], "DcomUsers": [], "LocalAdmins": [], "PSRemoteUsers": [], "RemoteDesktopUsers": []}},{"ObjectIdentifier": "DFC0B512-0C83-4635-B5BC-24F084451D58", "Properties": {"domain": "COOCTUS.CORP", "name": "HELPDESK@COOCTUS.CORP", "distinguishedname": "OU=HELPDESK,OU=STAFF,OU=EMPLOYEES,DC=COOCTUS,DC=CORP", "domainsid": "S-1-5-21-2062199590-3607821280-2073525473", "highvalue": false, "blocksinheritance": false, "description": null, "whencreated": 1623114348}, "IsDeleted": false, "IsACLProtected": false, "Aces": [{"RightName": "Owns", "IsInherited": false, "PrincipalSID": "S-1-5-21-2062199590-3607821280-2073525473-512", "PrincipalType": "Group"}, {"RightName": "GenericAll", "IsInherited": false, "PrincipalSID": "S-1-5-21-2062199590-3607821280-2073525473-512", "PrincipalType": "Group"}, {"RightName": "GenericAll", "IsInherited": true, "PrincipalSID": "S-1-5-21-2062199590-3607821280-2073525473-519", "PrincipalType": "Group"}, {"RightName": "WriteOwner", "IsInherited": true, "PrincipalSID": "COOCTUS.CORP-S-1-5-32-544", "PrincipalType": "Group"}, {"RightName": "WriteDacl", "IsInherited": true, "PrincipalSID": "COOCTUS.CORP-S-1-5-32-544", "PrincipalType": "Group"}], "Links": [], "ChildObjects": [{"ObjectIdentifier": "S-1-5-21-2062199590-3607821280-2073525473-1122", "ObjectType": "User"}, {"ObjectIdentifier": "S-1-5-21-2062199590-3607821280-2073525473-1131", "ObjectType": "User"}], "GPOChanges": {"AffectedComputers": [], "DcomUsers": [], "LocalAdmins": [], "PSRemoteUsers": [], "RemoteDesktopUsers": []}},{"ObjectIdentifier": "1E90FFAD-17FF-4A70-AE24-75565B8E6A8A", "Properties": {"domain": "COOCTUS.CORP", "name": "CONTRACTORS@COOCTUS.CORP", "distinguishedname": "OU=CONTRACTORS,OU=EMPLOYEES,DC=COOCTUS,DC=CORP", "domainsid": "S-1-5-21-2062199590-3607821280-2073525473", "highvalue": false, "blocksinheritance": false, "description": null, "whencreated": 1623114340}, "IsDeleted": false, "IsACLProtected": false, "Aces": [{"RightName": "Owns", "IsInherited": false, "PrincipalSID": "S-1-5-21-2062199590-3607821280-2073525473-512", "PrincipalType": "Group"}, {"RightName": "GenericAll", "IsInherited": false, "PrincipalSID": "S-1-5-21-2062199590-3607821280-2073525473-512", "PrincipalType": "Group"}, {"RightName": "GenericAll", "IsInherited": true, "PrincipalSID": "S-1-5-21-2062199590-3607821280-2073525473-519", "PrincipalType": "Group"}, {"RightName": "WriteOwner", "IsInherited": true, "PrincipalSID": "COOCTUS.CORP-S-1-5-32-544", "PrincipalType": "Group"}, {"RightName": "WriteDacl", "IsInherited": true, "PrincipalSID": "COOCTUS.CORP-S-1-5-32-544", "PrincipalType": "Group"}], "Links": [], "ChildObjects": [{"ObjectIdentifier": "S-1-5-21-2062199590-3607821280-2073525473-1132", "ObjectType": "User"}], "GPOChanges": {"AffectedComputers": [], "DcomUsers": [], "LocalAdmins": [], "PSRemoteUsers": [], "RemoteDesktopUsers": []}},{"ObjectIdentifier": "3423202D-0E46-4301-9F15-6B232B10D4D1", "Properties": {"domain": "COOCTUS.CORP", "name": "STAFF@COOCTUS.CORP", "distinguishedname": "OU=STAFF,OU=EMPLOYEES,DC=COOCTUS,DC=CORP", "domainsid": "S-1-5-21-2062199590-3607821280-2073525473", "highvalue": false, "blocksinheritance": false, "description": null, "whencreated": 1623114334}, "IsDeleted": false, "IsACLProtected": false, "Aces": [{"RightName": "Owns", "IsInherited": false, "PrincipalSID": "S-1-5-21-2062199590-3607821280-2073525473-512", "PrincipalType": "Group"}, {"RightName": "GenericAll", "IsInherited": false, "PrincipalSID": "S-1-5-21-2062199590-3607821280-2073525473-512", "PrincipalType": "Group"}, {"RightName": "GenericAll", "IsInherited": true, "PrincipalSID": "S-1-5-21-2062199590-3607821280-2073525473-519", "PrincipalType": "Group"}, {"RightName": "WriteOwner", "IsInherited": true, "PrincipalSID": "COOCTUS.CORP-S-1-5-32-544", "PrincipalType": "Group"}, {"RightName": "WriteDacl", "IsInherited": true, "PrincipalSID": "COOCTUS.CORP-S-1-5-32-544", "PrincipalType": "Group"}], "Links": [], "ChildObjects": [{"ObjectIdentifier": "72ACE21D-7339-444D-8838-0E51991A2A81", "ObjectType": "OU"}, {"ObjectIdentifier": "8DBD3FE6-AFB1-4ADD-884D-B5D37753890C", "ObjectType": "OU"}, {"ObjectIdentifier": "AEC26E14-6416-4143-B6F1-CE8881E169CF", "ObjectType": "OU"}, {"ObjectIdentifier": "D47E6C19-612A-4D76-94C1-C80A65ECF708", "ObjectType": "OU"}, {"ObjectIdentifier": "DFC0B512-0C83-4635-B5BC-24F084451D58", "ObjectType": "OU"}], "GPOChanges": {"AffectedComputers": [], "DcomUsers": [], "LocalAdmins": [], "PSRemoteUsers": [], "RemoteDesktopUsers": []}},{"ObjectIdentifier": "4E007B7B-951E-4244-84A1-F8BD703C329C", "Properties": {"domain": "COOCTUS.CORP", "name": "SERVICE-ACCOUNTS@COOCTUS.CORP", "distinguishedname": "OU=SERVICE-ACCOUNTS,DC=COOCTUS,DC=CORP", "domainsid": "S-1-5-21-2062199590-3607821280-2073525473", "highvalue": false, "blocksinheritance": false, "description": null, "whencreated": 1623113894}, "IsDeleted": false, "IsACLProtected": false, "Aces": [{"RightName": "Owns", "IsInherited": false, "PrincipalSID": "S-1-5-21-2062199590-3607821280-2073525473-512", "PrincipalType": "Group"}, {"RightName": "GenericAll", "IsInherited": false, "PrincipalSID": "S-1-5-21-2062199590-3607821280-2073525473-512", "PrincipalType": "Group"}, {"RightName": "GenericAll", "IsInherited": true, "PrincipalSID": "S-1-5-21-2062199590-3607821280-2073525473-519", "PrincipalType": "Group"}, {"RightName": "WriteOwner", "IsInherited": true, "PrincipalSID": "COOCTUS.CORP-S-1-5-32-544", "PrincipalType": "Group"}, {"RightName": "WriteDacl", "IsInherited": true, "PrincipalSID": "COOCTUS.CORP-S-1-5-32-544", "PrincipalType": "Group"}], "Links": [], "ChildObjects": [{"ObjectIdentifier": "S-1-5-21-2062199590-3607821280-2073525473-1134", "ObjectType": "User"}, {"ObjectIdentifier": "S-1-5-21-2062199590-3607821280-2073525473-1109", "ObjectType": "User"}], "GPOChanges": {"AffectedComputers": [], "DcomUsers": [], "LocalAdmins": [], "PSRemoteUsers": [], "RemoteDesktopUsers": []}},{"ObjectIdentifier": "B5355548-5B8A-452D-8A31-3BB52BA65257", "Properties": {"domain": "COOCTUS.CORP", "name": "EMPLOYEES@COOCTUS.CORP", "distinguishedname": "OU=EMPLOYEES,DC=COOCTUS,DC=CORP", "domainsid": "S-1-5-21-2062199590-3607821280-2073525473", "highvalue": false, "blocksinheritance": false, "description": null, "whencreated": 1623113884}, "IsDeleted": false, "IsACLProtected": false, "Aces": [{"RightName": "Owns", "IsInherited": false, "PrincipalSID": "S-1-5-21-2062199590-3607821280-2073525473-512", "PrincipalType": "Group"}, {"RightName": "GenericAll", "IsInherited": false, "PrincipalSID": "S-1-5-21-2062199590-3607821280-2073525473-512", "PrincipalType": "Group"}, {"RightName": "GenericAll", "IsInherited": true, "PrincipalSID": "S-1-5-21-2062199590-3607821280-2073525473-519", "PrincipalType": "Group"}, {"RightName": "WriteOwner", "IsInherited": true, "PrincipalSID": "COOCTUS.CORP-S-1-5-32-544", "PrincipalType": "Group"}, {"RightName": "WriteDacl", "IsInherited": true, "PrincipalSID": "COOCTUS.CORP-S-1-5-32-544", "PrincipalType": "Group"}], "Links": [], "ChildObjects": [{"ObjectIdentifier": "3423202D-0E46-4301-9F15-6B232B10D4D1", "ObjectType": "OU"}, {"ObjectIdentifier": "1E90FFAD-17FF-4A70-AE24-75565B8E6A8A", "ObjectType": "OU"}], "GPOChanges": {"AffectedComputers": [], "DcomUsers": [], "LocalAdmins": [], "PSRemoteUsers": [], "RemoteDesktopUsers": []}},{"ObjectIdentifier": "40150978-F487-48C5-AC54-99B5BCD76FAA", "Properties": {"domain": "COOCTUS.CORP", "name": "DOMAIN CONTROLLERS@COOCTUS.CORP", "distinguishedname": "OU=DOMAIN CONTROLLERS,DC=COOCTUS,DC=CORP", "domainsid": "S-1-5-21-2062199590-3607821280-2073525473", "highvalue": false, "blocksinheritance": false, "description": "Default container for domain controllers", "whencreated": 1623112478}, "IsDeleted": false, "IsACLProtected": false, "Aces": [{"RightName": "Owns", "IsInherited": false, "PrincipalSID": "S-1-5-21-2062199590-3607821280-2073525473-512", "PrincipalType": "Group"}, {"RightName": "WriteOwner", "IsInherited": false, "PrincipalSID": "S-1-5-21-2062199590-3607821280-2073525473-512", "PrincipalType": "Group"}, {"RightName": "WriteDacl", "IsInherited": false, "PrincipalSID": "S-1-5-21-2062199590-3607821280-2073525473-512", "PrincipalType": "Group"}, {"RightName": "GenericAll", "IsInherited": true, "PrincipalSID": "S-1-5-21-2062199590-3607821280-2073525473-519", "PrincipalType": "Group"}, {"RightName": "WriteOwner", "IsInherited": true, "PrincipalSID": "COOCTUS.CORP-S-1-5-32-544", "PrincipalType": "Group"}, {"RightName": "WriteDacl", "IsInherited": true, "PrincipalSID": "COOCTUS.CORP-S-1-5-32-544", "PrincipalType": "Group"}], "Links": [{"IsEnforced": false, "GUID": "51AB8B23-4037-433D-9EE6-7421C7AA460A"}], "ChildObjects": [{"ObjectIdentifier": "S-1-5-21-2062199590-3607821280-2073525473-1000", "ObjectType": "Computer"}], "GPOChanges": {"AffectedComputers": [], "DcomUsers": [], "LocalAdmins": [], "PSRemoteUsers": [], "RemoteDesktopUsers": []}}],"meta":{"methods":0,"type":"ous","count":13, "version":5}}