{"data":[{"ObjectIdentifier": "S-1-5-21-2062199590-3607821280-2073525473-1000", "AllowedToAct": [], "PrimaryGroupSID": "S-1-5-21-2062199590-3607821280-2073525473-516", "LocalAdmins": {"Collected": true, "FailureReason": null, "Results": [{"ObjectIdentifier": "S-1-5-21-2062199590-3607821280-2073525473-500", "ObjectType": "User"}, {"ObjectIdentifier": "S-1-5-21-2062199590-3607821280-2073525473-519", "ObjectType": "Group"}, {"ObjectIdentifier": "S-1-5-21-2062199590-3607821280-2073525473-512", "ObjectType": "Group"}]}, "PSRemoteUsers": {"Collected": true, "FailureReason": null, "Results": []}, "Properties": {"name": "DC.COOCTUS.CORP", "domainsid": "S-1-5-21-2062199590-3607821280-2073525473", "domain": "COOCTUS.CORP", "distinguishedname": "CN=DC,OU=DOMAIN CONTROLLERS,DC=COOCTUS,DC=CORP", "unconstraineddelegation": true, "enabled": true, "trustedtoauth": false, "samaccountname": "DC$", "haslaps": true, "lastlogon": 1721812449, "lastlogontimestamp": 1721810681, "pwdlastset": 1721810659, "whencreated": 1623112508, "serviceprincipalnames": ["TERMSRV/DC", "TERMSRV/DC.COOCTUS.CORP", "Dfsr-12F9A27C-BF97-4787-9364-D31B6C55EB04/DC.COOCTUS.CORP", "ldap/DC.COOCTUS.CORP/ForestDnsZones.COOCTUS.CORP", "ldap/DC.COOCTUS.CORP/DomainDnsZones.COOCTUS.CORP", "DNS/DC.COOCTUS.CORP", "GC/DC.COOCTUS.CORP/COOCTUS.CORP", "RestrictedKrbHost/DC.COOCTUS.CORP", "RestrictedKrbHost/DC", "RPC/c69a5500-5535-4b26-a3c5-1bd10ddf7155._msdcs.COOCTUS.CORP", "HOST/DC/COOCTUS", "HOST/DC.COOCTUS.CORP/COOCTUS", "HOST/DC", "HOST/DC.COOCTUS.CORP", "HOST/DC.COOCTUS.CORP/COOCTUS.CORP", "E3514235-4B06-11D1-AB04-00C04FC2DCD2/c69a5500-5535-4b26-a3c5-1bd10ddf7155/COOCTUS.CORP", "ldap/DC/COOCTUS", "ldap/c69a5500-5535-4b26-a3c5-1bd10ddf7155._msdcs.COOCTUS.CORP", "ldap/DC.COOCTUS.CORP/COOCTUS", "ldap/DC", "ldap/DC.COOCTUS.CORP", "ldap/DC.COOCTUS.CORP/COOCTUS.CORP"], "description": null, "operatingsystem": "Windows Server 2019 Standard", "sidhistory": []}, "RemoteDesktopUsers": {"Collected": true, "FailureReason": null, "Results": []}, "DcomUsers": {"Collected": true, "FailureReason": null, "Results": []}, "AllowedToDelegate": [], "Sessions": {"Collected": true, "FailureReason": null, "Results": []}, "PrivilegedSessions": {"Collected": true, "FailureReason": null, "Results": []}, "RegistrySessions": {"Collected": true, "FailureReason": null, "Results": []}, "Aces": [{"RightName": "Owns", "IsInherited": false, "PrincipalSID": "S-1-5-21-2062199590-3607821280-2073525473-512", "PrincipalType": "Group"}, {"RightName": "GenericAll", "IsInherited": false, "PrincipalSID": "S-1-5-21-2062199590-3607821280-2073525473-512", "PrincipalType": "Group"}, {"RightName": "AddKeyCredentialLink", "IsInherited": true, "PrincipalSID": "S-1-5-21-2062199590-3607821280-2073525473-526", "PrincipalType": "Group"}, {"RightName": "AddKeyCredentialLink", "IsInherited": true, "PrincipalSID": "S-1-5-21-2062199590-3607821280-2073525473-527", "PrincipalType": "Group"}, {"RightName": "GenericAll", "IsInherited": true, "PrincipalSID": "S-1-5-21-2062199590-3607821280-2073525473-519", "PrincipalType": "Group"}, {"RightName": "GenericWrite", "IsInherited": true, "PrincipalSID": "COOCTUS.CORP-S-1-5-32-544", "PrincipalType": "Group"}, {"RightName": "WriteOwner", "IsInherited": true, "PrincipalSID": "COOCTUS.CORP-S-1-5-32-544", "PrincipalType": "Group"}, {"RightName": "WriteDacl", "IsInherited": true, "PrincipalSID": "COOCTUS.CORP-S-1-5-32-544", "PrincipalType": "Group"}], "HasSIDHistory": [], "IsDeleted": false, "Status": null, "IsACLProtected": false}],"meta":{"methods":0,"type":"computers","count":1, "version":5}}