{"data": [{"ObjectIdentifier": "S-1-5-21-2062199590-3607821280-2073525473", "Properties": {"name": "COOCTUS.CORP", "domain": "COOCTUS.CORP", "domainsid": "S-1-5-21-2062199590-3607821280-2073525473", "distinguishedname": "DC=COOCTUS,DC=CORP", "description": "", "functionallevel": "2016", "highvalue": true, "whencreated": 1623112474}, "Trusts": [], "Aces": [{"RightName": "Owns", "IsInherited": false, "PrincipalSID": "COOCTUS.CORP-S-1-5-32-544", "PrincipalType": "Group"}, {"RightName": "GetChanges", "IsInherited": false, "PrincipalSID": "S-1-5-21-2062199590-3607821280-2073525473-498", "PrincipalType": "Group"}, {"RightName": "GetChangesAll", "IsInherited": false, "PrincipalSID": "S-1-5-21-2062199590-3607821280-2073525473-516", "PrincipalType": "Group"}, {"RightName": "GetChangesInFilteredSet", "IsInherited": false, "PrincipalSID": "COOCTUS.CORP-S-1-5-32-544", "PrincipalType": "Group"}, {"RightName": "GetChanges", "IsInherited": false, "PrincipalSID": "COOCTUS.CORP-S-1-5-32-544", "PrincipalType": "Group"}, {"RightName": "GetChangesAll", "IsInherited": false, "PrincipalSID": "COOCTUS.CORP-S-1-5-32-544", "PrincipalType": "Group"}, {"RightName": "GetChangesInFilteredSet", "IsInherited": false, "PrincipalSID": "COOCTUS.CORP-S-1-5-9", "PrincipalType": "Group"}, {"RightName": "GetChanges", "IsInherited": false, "PrincipalSID": "COOCTUS.CORP-S-1-5-9", "PrincipalType": "Group"}, {"RightName": "WriteOwner", "IsInherited": false, "PrincipalSID": "S-1-5-21-2062199590-3607821280-2073525473-512", "PrincipalType": "Group"}, {"RightName": "AllExtendedRights", "IsInherited": false, "PrincipalSID": "S-1-5-21-2062199590-3607821280-2073525473-512", "PrincipalType": "Group"}, {"RightName": "WriteDacl", "IsInherited": false, "PrincipalSID": "S-1-5-21-2062199590-3607821280-2073525473-512", "PrincipalType": "Group"}, {"RightName": "GenericAll", "IsInherited": false, "PrincipalSID": "S-1-5-21-2062199590-3607821280-2073525473-1110", "PrincipalType": "Base"}, {"RightName": "GenericAll", "IsInherited": false, "PrincipalSID": "S-1-5-21-2062199590-3607821280-2073525473-519", "PrincipalType": "Group"}, {"RightName": "WriteOwner", "IsInherited": false, "PrincipalSID": "COOCTUS.CORP-S-1-5-32-544", "PrincipalType": "Group"}, {"RightName": "AllExtendedRights", "IsInherited": false, "PrincipalSID": "COOCTUS.CORP-S-1-5-32-544", "PrincipalType": "Group"}, {"RightName": "WriteDacl", "IsInherited": false, "PrincipalSID": "COOCTUS.CORP-S-1-5-32-544", "PrincipalType": "Group"}], "Links": [{"IsEnforced": false, "GUID": "DE82AEA5-F9FC-42A2-B698-F43CF507A3F5"}], "ChildObjects": [{"ObjectIdentifier": "41B0BE3F-41B3-4317-BFF8-78879DED6B53", "ObjectType": "Container"}, {"ObjectIdentifier": "4E007B7B-951E-4244-84A1-F8BD703C329C", "ObjectType": "OU"}, {"ObjectIdentifier": "C3C10DC7-DF1E-4BC5-8A96-986A9B392948", "ObjectType": "OU"}, {"ObjectIdentifier": "A9796BB7-83CA-4091-9076-9857A4AB760F", "ObjectType": "Container"}, {"ObjectIdentifier": "4AAD7A3D-8AFC-4F17-BA78-71DDB7E333C2", "ObjectType": "Container"}, {"ObjectIdentifier": "B5355548-5B8A-452D-8A31-3BB52BA65257", "ObjectType": "OU"}, {"ObjectIdentifier": "40150978-F487-48C5-AC54-99B5BCD76FAA", "ObjectType": "OU"}, {"ObjectIdentifier": "265A1C52-35F5-4EF9-989E-44C51BBB0EEF", "ObjectType": "Container"}], "GPOChanges": {"AffectedComputers": [], "DcomUsers": [], "LocalAdmins": [], "PSRemoteUsers": [], "RemoteDesktopUsers": []}, "IsDeleted": false, "IsACLProtected": false}], "meta": {"type": "domains", "count": 1, "version": 5}}