{"data":[{"ObjectIdentifier": "9F546FD7-BC7E-4225-B518-83248D3477EC", "Properties": {"domain": "COOCTUS.CORP", "name": "WMIGPO@COOCTUS.CORP", "distinguishedname": "CN=WMIGPO,CN=WMIPOLICY,CN=SYSTEM,DC=COOCTUS,DC=CORP", "domainsid": "S-1-5-21-2062199590-3607821280-2073525473", "highvalue": false, "description": "", "whencreated": 1623112478}, "IsDeleted": false, "IsACLProtected": false, "Aces": [{"RightName": "Owns", "IsInherited": false, "PrincipalSID": "S-1-5-21-2062199590-3607821280-2073525473-512", "PrincipalType": "Group"}, {"RightName": "WriteOwner", "IsInherited": false, "PrincipalSID": "S-1-5-21-2062199590-3607821280-2073525473-512", "PrincipalType": "Group"}, {"RightName": "WriteDacl", "IsInherited": false, "PrincipalSID": "S-1-5-21-2062199590-3607821280-2073525473-512", "PrincipalType": "Group"}, {"RightName": "GenericAll", "IsInherited": true, "PrincipalSID": "S-1-5-21-2062199590-3607821280-2073525473-519", "PrincipalType": "Group"}, {"RightName": "GenericAll", "IsInherited": true, "PrincipalSID": "S-1-5-21-2062199590-3607821280-2073525473-512", "PrincipalType": "Group"}], "ChildObjects": []},{"ObjectIdentifier": "3A7DDD2B-8160-4D75-B15F-1F1AD3F0C736", "Properties": {"domain": "COOCTUS.CORP", "name": "POLICYTYPE@COOCTUS.CORP", "distinguishedname": "CN=POLICYTYPE,CN=WMIPOLICY,CN=SYSTEM,DC=COOCTUS,DC=CORP", "domainsid": "S-1-5-21-2062199590-3607821280-2073525473", "highvalue": false, "description": "", "whencreated": 1623112478}, "IsDeleted": false, "IsACLProtected": false, "Aces": [{"RightName": "Owns", "IsInherited": false, "PrincipalSID": "S-1-5-21-2062199590-3607821280-2073525473-512", "PrincipalType": "Group"}, {"RightName": "WriteOwner", "IsInherited": false, "PrincipalSID": "S-1-5-21-2062199590-3607821280-2073525473-512", "PrincipalType": "Group"}, {"RightName": "WriteDacl", "IsInherited": false, "PrincipalSID": "S-1-5-21-2062199590-3607821280-2073525473-512", "PrincipalType": "Group"}, {"RightName": "GenericAll", "IsInherited": true, "PrincipalSID": "S-1-5-21-2062199590-3607821280-2073525473-519", "PrincipalType": "Group"}, {"RightName": "GenericAll", "IsInherited": true, "PrincipalSID": "S-1-5-21-2062199590-3607821280-2073525473-512", "PrincipalType": "Group"}], "ChildObjects": []},{"ObjectIdentifier": "DF6D4404-85B9-487C-9188-E17FF3E1D530", "Properties": {"domain": "COOCTUS.CORP", "name": "SOM@COOCTUS.CORP", "distinguishedname": "CN=SOM,CN=WMIPOLICY,CN=SYSTEM,DC=COOCTUS,DC=CORP", "domainsid": "S-1-5-21-2062199590-3607821280-2073525473", "highvalue": false, "description": "", "whencreated": 1623112478}, "IsDeleted": false, "IsACLProtected": true, "Aces": [{"RightName": "Owns", "IsInherited": false, "PrincipalSID": "S-1-5-21-2062199590-3607821280-2073525473-512", "PrincipalType": "Group"}, {"RightName": "GenericAll", "IsInherited": false, "PrincipalSID": "S-1-5-21-2062199590-3607821280-2073525473-512", "PrincipalType": "Group"}, {"RightName": "GenericAll", "IsInherited": false, "PrincipalSID": "S-1-5-21-2062199590-3607821280-2073525473-519", "PrincipalType": "Group"}], "ChildObjects": []},{"ObjectIdentifier": "98837FD4-2EEB-4917-959E-5340BC206F31", "Properties": {"domain": "COOCTUS.CORP", "name": "POLICYTEMPLATE@COOCTUS.CORP", "distinguishedname": "CN=POLICYTEMPLATE,CN=WMIPOLICY,CN=SYSTEM,DC=COOCTUS,DC=CORP", "domainsid": "S-1-5-21-2062199590-3607821280-2073525473", "highvalue": false, "description": "", "whencreated": 1623112478}, "IsDeleted": false, "IsACLProtected": false, "Aces": [{"RightName": "Owns", "IsInherited": false, "PrincipalSID": "S-1-5-21-2062199590-3607821280-2073525473-512", "PrincipalType": "Group"}, {"RightName": "WriteOwner", "IsInherited": false, "PrincipalSID": "S-1-5-21-2062199590-3607821280-2073525473-512", "PrincipalType": "Group"}, {"RightName": "WriteDacl", "IsInherited": false, "PrincipalSID": "S-1-5-21-2062199590-3607821280-2073525473-512", "PrincipalType": "Group"}, {"RightName": "GenericAll", "IsInherited": true, "PrincipalSID": "S-1-5-21-2062199590-3607821280-2073525473-519", "PrincipalType": "Group"}, {"RightName": "GenericAll", "IsInherited": true, "PrincipalSID": "S-1-5-21-2062199590-3607821280-2073525473-512", "PrincipalType": "Group"}], "ChildObjects": []},{"ObjectIdentifier": "E8046DF4-BDE0-451E-98D5-675E24010C6B", "Properties": {"domain": "COOCTUS.CORP", "name": "WMIPOLICY@COOCTUS.CORP", "distinguishedname": "CN=WMIPOLICY,CN=SYSTEM,DC=COOCTUS,DC=CORP", "domainsid": "S-1-5-21-2062199590-3607821280-2073525473", "highvalue": false, "description": "", "whencreated": 1623112478}, "IsDeleted": false, "IsACLProtected": true, "Aces": [{"RightName": "Owns", "IsInherited": false, "PrincipalSID": "S-1-5-21-2062199590-3607821280-2073525473-512", "PrincipalType": "Group"}, {"RightName": "GenericAll", "IsInherited": false, "PrincipalSID": "S-1-5-21-2062199590-3607821280-2073525473-519", "PrincipalType": "Group"}, {"RightName": "GenericAll", "IsInherited": false, "PrincipalSID": "S-1-5-21-2062199590-3607821280-2073525473-512", "PrincipalType": "Group"}], "ChildObjects": []},{"ObjectIdentifier": "5E4299A2-0FC5-4E6A-AB39-E18744394850", "Properties": {"domain": "COOCTUS.CORP", "name": "COMPARTITIONSETS@COOCTUS.CORP", "distinguishedname": "CN=COMPARTITIONSETS,CN=SYSTEM,DC=COOCTUS,DC=CORP", "domainsid": "S-1-5-21-2062199590-3607821280-2073525473", "highvalue": false, "description": "", "whencreated": 1623112478}, "IsDeleted": false, "IsACLProtected": false, "Aces": [{"RightName": "Owns", "IsInherited": false, "PrincipalSID": "S-1-5-21-2062199590-3607821280-2073525473-512", "PrincipalType": "Group"}, {"RightName": "WriteOwner", "IsInherited": false, "PrincipalSID": "S-1-5-21-2062199590-3607821280-2073525473-512", "PrincipalType": "Group"}, {"RightName": "WriteDacl", "IsInherited": false, "PrincipalSID": "S-1-5-21-2062199590-3607821280-2073525473-512", "PrincipalType": "Group"}, {"RightName": "GenericAll", "IsInherited": true, "PrincipalSID": "S-1-5-21-2062199590-3607821280-2073525473-519", "PrincipalType": "Group"}, {"RightName": "WriteOwner", "IsInherited": true, "PrincipalSID": "COOCTUS.CORP-S-1-5-32-544", "PrincipalType": "Group"}, {"RightName": "WriteDacl", "IsInherited": true, "PrincipalSID": "COOCTUS.CORP-S-1-5-32-544", "PrincipalType": "Group"}], "ChildObjects": []},{"ObjectIdentifier": "90E50FD3-18A9-4630-B391-C1CFC3BA36C4", "Properties": {"domain": "COOCTUS.CORP", "name": "COMPARTITIONS@COOCTUS.CORP", "distinguishedname": "CN=COMPARTITIONS,CN=SYSTEM,DC=COOCTUS,DC=CORP", "domainsid": "S-1-5-21-2062199590-3607821280-2073525473", "highvalue": false, "description": "", "whencreated": 1623112478}, "IsDeleted": false, "IsACLProtected": false, "Aces": [{"RightName": "Owns", "IsInherited": false, "PrincipalSID": "S-1-5-21-2062199590-3607821280-2073525473-512", "PrincipalType": "Group"}, {"RightName": "WriteOwner", "IsInherited": false, "PrincipalSID": "S-1-5-21-2062199590-3607821280-2073525473-512", "PrincipalType": "Group"}, {"RightName": "WriteDacl", "IsInherited": false, "PrincipalSID": "S-1-5-21-2062199590-3607821280-2073525473-512", "PrincipalType": "Group"}, {"RightName": "GenericAll", "IsInherited": true, "PrincipalSID": "S-1-5-21-2062199590-3607821280-2073525473-519", "PrincipalType": "Group"}, {"RightName": "WriteOwner", "IsInherited": true, "PrincipalSID": "COOCTUS.CORP-S-1-5-32-544", "PrincipalType": "Group"}, {"RightName": "WriteDacl", "IsInherited": true, "PrincipalSID": "COOCTUS.CORP-S-1-5-32-544", "PrincipalType": "Group"}], "ChildObjects": []},{"ObjectIdentifier": "67AF47D8-0FEC-41E8-8E3C-96CA02152A70", "Properties": {"domain": "COOCTUS.CORP", "name": "ADMINSDHOLDER@COOCTUS.CORP", "distinguishedname": "CN=ADMINSDHOLDER,CN=SYSTEM,DC=COOCTUS,DC=CORP", "domainsid": "S-1-5-21-2062199590-3607821280-2073525473", "highvalue": false, "description": "", "whencreated": 1623112478}, "IsDeleted": false, "IsACLProtected": true, "Aces": [{"RightName": "Owns", "IsInherited": false, "PrincipalSID": "S-1-5-21-2062199590-3607821280-2073525473-512", "PrincipalType": "Group"}, {"RightName": "WriteOwner", "IsInherited": false, "PrincipalSID": "S-1-5-21-2062199590-3607821280-2073525473-512", "PrincipalType": "Group"}, {"RightName": "WriteDacl", "IsInherited": false, "PrincipalSID": "S-1-5-21-2062199590-3607821280-2073525473-512", "PrincipalType": "Group"}, {"RightName": "WriteOwner", "IsInherited": false, "PrincipalSID": "S-1-5-21-2062199590-3607821280-2073525473-519", "PrincipalType": "Group"}, {"RightName": "WriteDacl", "IsInherited": false, "PrincipalSID": "S-1-5-21-2062199590-3607821280-2073525473-519", "PrincipalType": "Group"}, {"RightName": "WriteOwner", "IsInherited": false, "PrincipalSID": "COOCTUS.CORP-S-1-5-32-544", "PrincipalType": "Group"}, {"RightName": "WriteDacl", "IsInherited": false, "PrincipalSID": "COOCTUS.CORP-S-1-5-32-544", "PrincipalType": "Group"}], "ChildObjects": []},{"ObjectIdentifier": "AFBC9854-DA31-47B6-94B4-A6BD42E0750D", "Properties": {"domain": "COOCTUS.CORP", "name": "RAS AND IAS SERVERS ACCESS CHECK@COOCTUS.CORP", "distinguishedname": "CN=RAS AND IAS SERVERS ACCESS CHECK,CN=SYSTEM,DC=COOCTUS,DC=CORP", "domainsid": "S-1-5-21-2062199590-3607821280-2073525473", "highvalue": false, "description": "", "whencreated": 1623112478}, "IsDeleted": false, "IsACLProtected": false, "Aces": [{"RightName": "Owns", "IsInherited": false, "PrincipalSID": "S-1-5-21-2062199590-3607821280-2073525473-512", "PrincipalType": "Group"}, {"RightName": "WriteOwner", "IsInherited": false, "PrincipalSID": "S-1-5-21-2062199590-3607821280-2073525473-553", "PrincipalType": "Group"}, {"RightName": "WriteDacl", "IsInherited": false, "PrincipalSID": "S-1-5-21-2062199590-3607821280-2073525473-553", "PrincipalType": "Group"}, {"RightName": "GenericAll", "IsInherited": true, "PrincipalSID": "S-1-5-21-2062199590-3607821280-2073525473-519", "PrincipalType": "Group"}, {"RightName": "WriteOwner", "IsInherited": true, "PrincipalSID": "COOCTUS.CORP-S-1-5-32-544", "PrincipalType": "Group"}, {"RightName": "WriteDacl", "IsInherited": true, "PrincipalSID": "COOCTUS.CORP-S-1-5-32-544", "PrincipalType": "Group"}], "ChildObjects": []},{"ObjectIdentifier": "74404D73-E8AC-44DC-830B-4493D4CDC907", "Properties": {"domain": "COOCTUS.CORP", "name": "POLICIES@COOCTUS.CORP", "distinguishedname": "CN=POLICIES,CN=SYSTEM,DC=COOCTUS,DC=CORP", "domainsid": "S-1-5-21-2062199590-3607821280-2073525473", "highvalue": false, "description": "", "whencreated": 1623112478}, "IsDeleted": false, "IsACLProtected": false, "Aces": [{"RightName": "Owns", "IsInherited": false, "PrincipalSID": "S-1-5-21-2062199590-3607821280-2073525473-512", "PrincipalType": "Group"}, {"RightName": "WriteOwner", "IsInherited": false, "PrincipalSID": "S-1-5-21-2062199590-3607821280-2073525473-512", "PrincipalType": "Group"}, {"RightName": "WriteDacl", "IsInherited": false, "PrincipalSID": "S-1-5-21-2062199590-3607821280-2073525473-512", "PrincipalType": "Group"}, {"RightName": "GenericAll", "IsInherited": true, "PrincipalSID": "S-1-5-21-2062199590-3607821280-2073525473-519", "PrincipalType": "Group"}, {"RightName": "WriteOwner", "IsInherited": true, "PrincipalSID": "COOCTUS.CORP-S-1-5-32-544", "PrincipalType": "Group"}, {"RightName": "WriteDacl", "IsInherited": true, "PrincipalSID": "COOCTUS.CORP-S-1-5-32-544", "PrincipalType": "Group"}], "ChildObjects": []},{"ObjectIdentifier": "DD99454F-44AD-499C-A17C-B28C1E9F76B6", "Properties": {"domain": "COOCTUS.CORP", "name": "MEETINGS@COOCTUS.CORP", "distinguishedname": "CN=MEETINGS,CN=SYSTEM,DC=COOCTUS,DC=CORP", "domainsid": "S-1-5-21-2062199590-3607821280-2073525473", "highvalue": false, "description": "", "whencreated": 1623112478}, "IsDeleted": false, "IsACLProtected": false, "Aces": [{"RightName": "Owns", "IsInherited": false, "PrincipalSID": "S-1-5-21-2062199590-3607821280-2073525473-512", "PrincipalType": "Group"}, {"RightName": "WriteOwner", "IsInherited": false, "PrincipalSID": "S-1-5-21-2062199590-3607821280-2073525473-512", "PrincipalType": "Group"}, {"RightName": "WriteDacl", "IsInherited": false, "PrincipalSID": "S-1-5-21-2062199590-3607821280-2073525473-512", "PrincipalType": "Group"}, {"RightName": "GenericAll", "IsInherited": true, "PrincipalSID": "S-1-5-21-2062199590-3607821280-2073525473-519", "PrincipalType": "Group"}, {"RightName": "WriteOwner", "IsInherited": true, "PrincipalSID": "COOCTUS.CORP-S-1-5-32-544", "PrincipalType": "Group"}, {"RightName": "WriteDacl", "IsInherited": true, "PrincipalSID": "COOCTUS.CORP-S-1-5-32-544", "PrincipalType": "Group"}], "ChildObjects": []},{"ObjectIdentifier": "17898621-0939-4FCA-9C28-21631F0C854A", "Properties": {"domain": "COOCTUS.CORP", "name": "WINSOCKSERVICES@COOCTUS.CORP", "distinguishedname": "CN=WINSOCKSERVICES,CN=SYSTEM,DC=COOCTUS,DC=CORP", "domainsid": "S-1-5-21-2062199590-3607821280-2073525473", "highvalue": false, "description": "", "whencreated": 1623112478}, "IsDeleted": false, "IsACLProtected": false, "Aces": [{"RightName": "Owns", "IsInherited": false, "PrincipalSID": "S-1-5-21-2062199590-3607821280-2073525473-512", "PrincipalType": "Group"}, {"RightName": "WriteOwner", "IsInherited": false, "PrincipalSID": "S-1-5-21-2062199590-3607821280-2073525473-512", "PrincipalType": "Group"}, {"RightName": "WriteDacl", "IsInherited": false, "PrincipalSID": "S-1-5-21-2062199590-3607821280-2073525473-512", "PrincipalType": "Group"}, {"RightName": "GenericAll", "IsInherited": true, "PrincipalSID": "S-1-5-21-2062199590-3607821280-2073525473-519", "PrincipalType": "Group"}, {"RightName": "WriteOwner", "IsInherited": true, "PrincipalSID": "COOCTUS.CORP-S-1-5-32-544", "PrincipalType": "Group"}, {"RightName": "WriteDacl", "IsInherited": true, "PrincipalSID": "COOCTUS.CORP-S-1-5-32-544", "PrincipalType": "Group"}], "ChildObjects": []},{"ObjectIdentifier": "A9796BB7-83CA-4091-9076-9857A4AB760F", "Properties": {"domain": "COOCTUS.CORP", "name": "MANAGED SERVICE ACCOUNTS@COOCTUS.CORP", "distinguishedname": "CN=MANAGED SERVICE ACCOUNTS,DC=COOCTUS,DC=CORP", "domainsid": "S-1-5-21-2062199590-3607821280-2073525473", "highvalue": false, "description": "Default container for managed service accounts", "whencreated": 1623112478}, "IsDeleted": false, "IsACLProtected": false, "Aces": [{"RightName": "Owns", "IsInherited": false, "PrincipalSID": "S-1-5-21-2062199590-3607821280-2073525473-512", "PrincipalType": "Group"}, {"RightName": "WriteOwner", "IsInherited": false, "PrincipalSID": "S-1-5-21-2062199590-3607821280-2073525473-512", "PrincipalType": "Group"}, {"RightName": "WriteDacl", "IsInherited": false, "PrincipalSID": "S-1-5-21-2062199590-3607821280-2073525473-512", "PrincipalType": "Group"}, {"RightName": "GenericAll", "IsInherited": true, "PrincipalSID": "S-1-5-21-2062199590-3607821280-2073525473-519", "PrincipalType": "Group"}, {"RightName": "WriteOwner", "IsInherited": true, "PrincipalSID": "COOCTUS.CORP-S-1-5-32-544", "PrincipalType": "Group"}, {"RightName": "WriteDacl", "IsInherited": true, "PrincipalSID": "COOCTUS.CORP-S-1-5-32-544", "PrincipalType": "Group"}], "ChildObjects": []},{"ObjectIdentifier": "A29D0C81-F667-49F7-ABB7-664A84D7ACA5", "Properties": {"domain": "COOCTUS.CORP", "name": "MICROSOFT@COOCTUS.CORP", "distinguishedname": "CN=MICROSOFT,CN=PROGRAM DATA,DC=COOCTUS,DC=CORP", "domainsid": "S-1-5-21-2062199590-3607821280-2073525473", "highvalue": false, "description": "Default location for storage of Microsoft application data.", "whencreated": 1623112478}, "IsDeleted": false, "IsACLProtected": false, "Aces": [{"RightName": "Owns", "IsInherited": false, "PrincipalSID": "S-1-5-21-2062199590-3607821280-2073525473-512", "PrincipalType": "Group"}, {"RightName": "GenericAll", "IsInherited": false, "PrincipalSID": "S-1-5-21-2062199590-3607821280-2073525473-512", "PrincipalType": "Group"}, {"RightName": "GenericAll", "IsInherited": true, "PrincipalSID": "S-1-5-21-2062199590-3607821280-2073525473-519", "PrincipalType": "Group"}, {"RightName": "WriteOwner", "IsInherited": true, "PrincipalSID": "COOCTUS.CORP-S-1-5-32-544", "PrincipalType": "Group"}, {"RightName": "WriteDacl", "IsInherited": true, "PrincipalSID": "COOCTUS.CORP-S-1-5-32-544", "PrincipalType": "Group"}], "ChildObjects": []},{"ObjectIdentifier": "A616211B-246F-4E87-B634-185AFAA31595", "Properties": {"domain": "COOCTUS.CORP", "name": "PROGRAM DATA@COOCTUS.CORP", "distinguishedname": "CN=PROGRAM DATA,DC=COOCTUS,DC=CORP", "domainsid": "S-1-5-21-2062199590-3607821280-2073525473", "highvalue": false, "description": "Default location for storage of application data.", "whencreated": 1623112478}, "IsDeleted": false, "IsACLProtected": false, "Aces": [{"RightName": "Owns", "IsInherited": false, "PrincipalSID": "S-1-5-21-2062199590-3607821280-2073525473-512", "PrincipalType": "Group"}, {"RightName": "GenericAll", "IsInherited": false, "PrincipalSID": "S-1-5-21-2062199590-3607821280-2073525473-512", "PrincipalType": "Group"}, {"RightName": "GenericAll", "IsInherited": true, "PrincipalSID": "S-1-5-21-2062199590-3607821280-2073525473-519", "PrincipalType": "Group"}, {"RightName": "WriteOwner", "IsInherited": true, "PrincipalSID": "COOCTUS.CORP-S-1-5-32-544", "PrincipalType": "Group"}, {"RightName": "WriteDacl", "IsInherited": true, "PrincipalSID": "COOCTUS.CORP-S-1-5-32-544", "PrincipalType": "Group"}], "ChildObjects": []},{"ObjectIdentifier": "4AAD7A3D-8AFC-4F17-BA78-71DDB7E333C2", "Properties": {"domain": "COOCTUS.CORP", "name": "FOREIGNSECURITYPRINCIPALS@COOCTUS.CORP", "distinguishedname": "CN=FOREIGNSECURITYPRINCIPALS,DC=COOCTUS,DC=CORP", "domainsid": "S-1-5-21-2062199590-3607821280-2073525473", "highvalue": false, "description": "Default container for security identifiers (SIDs) associated with objects from external, trusted domains", "whencreated": 1623112478}, "IsDeleted": false, "IsACLProtected": false, "Aces": [{"RightName": "Owns", "IsInherited": false, "PrincipalSID": "S-1-5-21-2062199590-3607821280-2073525473-512", "PrincipalType": "Group"}, {"RightName": "GenericAll", "IsInherited": false, "PrincipalSID": "S-1-5-21-2062199590-3607821280-2073525473-512", "PrincipalType": "Group"}, {"RightName": "GenericAll", "IsInherited": true, "PrincipalSID": "S-1-5-21-2062199590-3607821280-2073525473-519", "PrincipalType": "Group"}, {"RightName": "WriteOwner", "IsInherited": true, "PrincipalSID": "COOCTUS.CORP-S-1-5-32-544", "PrincipalType": "Group"}, {"RightName": "WriteDacl", "IsInherited": true, "PrincipalSID": "COOCTUS.CORP-S-1-5-32-544", "PrincipalType": "Group"}], "ChildObjects": []},{"ObjectIdentifier": "3B625D93-CB09-4A9B-8D3F-A27F2918DADA", "Properties": {"domain": "COOCTUS.CORP", "name": "SYSTEM@COOCTUS.CORP", "distinguishedname": "CN=SYSTEM,DC=COOCTUS,DC=CORP", "domainsid": "S-1-5-21-2062199590-3607821280-2073525473", "highvalue": false, "description": "Builtin system settings", "whencreated": 1623112478}, "IsDeleted": false, "IsACLProtected": false, "Aces": [{"RightName": "Owns", "IsInherited": false, "PrincipalSID": "S-1-5-21-2062199590-3607821280-2073525473-512", "PrincipalType": "Group"}, {"RightName": "WriteOwner", "IsInherited": false, "PrincipalSID": "S-1-5-21-2062199590-3607821280-2073525473-512", "PrincipalType": "Group"}, {"RightName": "WriteDacl", "IsInherited": false, "PrincipalSID": "S-1-5-21-2062199590-3607821280-2073525473-512", "PrincipalType": "Group"}, {"RightName": "GenericAll", "IsInherited": true, "PrincipalSID": "S-1-5-21-2062199590-3607821280-2073525473-519", "PrincipalType": "Group"}, {"RightName": "WriteOwner", "IsInherited": true, "PrincipalSID": "COOCTUS.CORP-S-1-5-32-544", "PrincipalType": "Group"}, {"RightName": "WriteDacl", "IsInherited": true, "PrincipalSID": "COOCTUS.CORP-S-1-5-32-544", "PrincipalType": "Group"}], "ChildObjects": []},{"ObjectIdentifier": "265A1C52-35F5-4EF9-989E-44C51BBB0EEF", "Properties": {"domain": "COOCTUS.CORP", "name": "COMPUTERS@COOCTUS.CORP", "distinguishedname": "CN=COMPUTERS,DC=COOCTUS,DC=CORP", "domainsid": "S-1-5-21-2062199590-3607821280-2073525473", "highvalue": false, "description": "Default container for upgraded computer accounts", "whencreated": 1623112478}, "IsDeleted": false, "IsACLProtected": false, "Aces": [{"RightName": "Owns", "IsInherited": false, "PrincipalSID": "S-1-5-21-2062199590-3607821280-2073525473-512", "PrincipalType": "Group"}, {"RightName": "WriteOwner", "IsInherited": false, "PrincipalSID": "S-1-5-21-2062199590-3607821280-2073525473-512", "PrincipalType": "Group"}, {"RightName": "WriteDacl", "IsInherited": false, "PrincipalSID": "S-1-5-21-2062199590-3607821280-2073525473-512", "PrincipalType": "Group"}, {"RightName": "GenericAll", "IsInherited": true, "PrincipalSID": "S-1-5-21-2062199590-3607821280-2073525473-519", "PrincipalType": "Group"}, {"RightName": "WriteOwner", "IsInherited": true, "PrincipalSID": "COOCTUS.CORP-S-1-5-32-544", "PrincipalType": "Group"}, {"RightName": "WriteDacl", "IsInherited": true, "PrincipalSID": "COOCTUS.CORP-S-1-5-32-544", "PrincipalType": "Group"}], "ChildObjects": []},{"ObjectIdentifier": "41B0BE3F-41B3-4317-BFF8-78879DED6B53", "Properties": {"domain": "COOCTUS.CORP", "name": "USERS@COOCTUS.CORP", "distinguishedname": "CN=USERS,DC=COOCTUS,DC=CORP", "domainsid": "S-1-5-21-2062199590-3607821280-2073525473", "highvalue": false, "description": "Default container for upgraded user accounts", "whencreated": 1623112478}, "IsDeleted": false, "IsACLProtected": false, "Aces": [{"RightName": "Owns", "IsInherited": false, "PrincipalSID": "S-1-5-21-2062199590-3607821280-2073525473-512", "PrincipalType": "Group"}, {"RightName": "WriteOwner", "IsInherited": false, "PrincipalSID": "S-1-5-21-2062199590-3607821280-2073525473-512", "PrincipalType": "Group"}, {"RightName": "WriteDacl", "IsInherited": false, "PrincipalSID": "S-1-5-21-2062199590-3607821280-2073525473-512", "PrincipalType": "Group"}, {"RightName": "GenericAll", "IsInherited": true, "PrincipalSID": "S-1-5-21-2062199590-3607821280-2073525473-519", "PrincipalType": "Group"}, {"RightName": "WriteOwner", "IsInherited": true, "PrincipalSID": "COOCTUS.CORP-S-1-5-32-544", "PrincipalType": "Group"}, {"RightName": "WriteDacl", "IsInherited": true, "PrincipalSID": "COOCTUS.CORP-S-1-5-32-544", "PrincipalType": "Group"}], "ChildObjects": [{"ObjectIdentifier": "S-1-5-21-2062199590-3607821280-2073525473-518", "ObjectType": "Group"}, {"ObjectIdentifier": "S-1-5-21-2062199590-3607821280-2073525473-521", "ObjectType": "Group"}, {"ObjectIdentifier": "S-1-5-21-2062199590-3607821280-2073525473-553", "ObjectType": "Group"}, {"ObjectIdentifier": "S-1-5-21-2062199590-3607821280-2073525473-525", "ObjectType": "Group"}, {"ObjectIdentifier": "S-1-5-21-2062199590-3607821280-2073525473-502", "ObjectType": "User"}, {"ObjectIdentifier": "S-1-5-21-2062199590-3607821280-2073525473-526", "ObjectType": "Group"}, {"ObjectIdentifier": "S-1-5-21-2062199590-3607821280-2073525473-501", "ObjectType": "User"}, {"ObjectIdentifier": "S-1-5-21-2062199590-3607821280-2073525473-520", "ObjectType": "Group"}, {"ObjectIdentifier": "S-1-5-21-2062199590-3607821280-2073525473-498", "ObjectType": "Group"}, {"ObjectIdentifier": "S-1-5-21-2062199590-3607821280-2073525473-527", "ObjectType": "Group"}, {"ObjectIdentifier": "S-1-5-21-2062199590-3607821280-2073525473-519", "ObjectType": "Group"}, {"ObjectIdentifier": "S-1-5-21-2062199590-3607821280-2073525473-513", "ObjectType": "Group"}, {"ObjectIdentifier": "S-1-5-21-2062199590-3607821280-2073525473-514", "ObjectType": "Group"}, {"ObjectIdentifier": "S-1-5-21-2062199590-3607821280-2073525473-516", "ObjectType": "Group"}, {"ObjectIdentifier": "S-1-5-21-2062199590-3607821280-2073525473-515", "ObjectType": "Group"}, {"ObjectIdentifier": "S-1-5-21-2062199590-3607821280-2073525473-512", "ObjectType": "Group"}, {"ObjectIdentifier": "S-1-5-21-2062199590-3607821280-2073525473-1102", "ObjectType": "Group"}, {"ObjectIdentifier": "S-1-5-21-2062199590-3607821280-2073525473-1101", "ObjectType": "Group"}, {"ObjectIdentifier": "S-1-5-21-2062199590-3607821280-2073525473-572", "ObjectType": "Group"}, {"ObjectIdentifier": "S-1-5-21-2062199590-3607821280-2073525473-522", "ObjectType": "Group"}, {"ObjectIdentifier": "S-1-5-21-2062199590-3607821280-2073525473-517", "ObjectType": "Group"}, {"ObjectIdentifier": "S-1-5-21-2062199590-3607821280-2073525473-571", "ObjectType": "Group"}, {"ObjectIdentifier": "S-1-5-21-2062199590-3607821280-2073525473-500", "ObjectType": "User"}]}],"meta":{"methods":0,"type":"containers","count":19, "version":5}}