{"data":[{"AllowedToDelegate": [], "ObjectIdentifier": "COOCTUS.CORP-S-1-5-20", "PrimaryGroupSID": null, "Properties": {"domain": "COOCTUS.CORP", "domainsid": "S-1-5-21-2062199590-3607821280-2073525473", "name": "NT AUTHORITY@COOCTUS.CORP"}, "Aces": [], "SPNTargets": [], "HasSIDHistory": [], "IsDeleted": false, "IsACLProtected": false},{"AllowedToDelegate": [{"ObjectIdentifier": "S-1-5-21-2062199590-3607821280-2073525473-1000", "ObjectType": "Computer"}, {"ObjectIdentifier": "S-1-5-21-2062199590-3607821280-2073525473-1000", "ObjectType": "Computer"}, {"ObjectIdentifier": "S-1-5-21-2062199590-3607821280-2073525473-1000", "ObjectType": "Computer"}, {"ObjectIdentifier": "S-1-5-21-2062199590-3607821280-2073525473-1000", "ObjectType": "Computer"}], "ObjectIdentifier": "S-1-5-21-2062199590-3607821280-2073525473-1134", "PrimaryGroupSID": "S-1-5-21-2062199590-3607821280-2073525473-513", "Properties": {"name": "PASSWORD-RESET@COOCTUS.CORP", "domain": "COOCTUS.CORP", "domainsid": "S-1-5-21-2062199590-3607821280-2073525473", "distinguishedname": "CN=RESET,OU=SERVICE-ACCOUNTS,DC=COOCTUS,DC=CORP", "unconstraineddelegation": false, "trustedtoauth": true, "passwordnotreqd": false, "enabled": true, "lastlogon": 1623188783, "lastlogontimestamp": 1623130495, "pwdlastset": 1623189639, "dontreqpreauth": false, "pwdneverexpires": true, "sensitive": false, "serviceprincipalnames": ["HTTP/dc.cooctus.corp"], "hasspn": true, "displayname": "reset", "email": null, "title": null, "homedirectory": null, "description": null, "userpassword": null, "admincount": false, "allowedtodelegate": ["oakley/DC.COOCTUS.CORP/COOCTUS.CORP", "oakley/DC.COOCTUS.CORP", "oakley/DC", "oakley/DC.COOCTUS.CORP/COOCTUS", "oakley/DC/COOCTUS"], "sidhistory": [], "whencreated": 1623130360, "unixpassword": null, "unicodepassword": null, "logonscript": null, "samaccountname": "password-reset", "sfupassword": null}, "Aces": [{"RightName": "Owns", "IsInherited": false, "PrincipalSID": "S-1-5-21-2062199590-3607821280-2073525473-512", "PrincipalType": "Group"}, {"RightName": "GenericAll", "IsInherited": false, "PrincipalSID": "S-1-5-21-2062199590-3607821280-2073525473-512", "PrincipalType": "Group"}, {"RightName": "GenericAll", "IsInherited": false, "PrincipalSID": "COOCTUS.CORP-S-1-5-32-548", "PrincipalType": "Group"}, {"RightName": "ForceChangePassword", "IsInherited": true, "PrincipalSID": "S-1-5-21-2062199590-3607821280-2073525473-1134", "PrincipalType": "User"}, {"RightName": "AddKeyCredentialLink", "IsInherited": true, "PrincipalSID": "S-1-5-21-2062199590-3607821280-2073525473-526", "PrincipalType": "Group"}, {"RightName": "AddKeyCredentialLink", "IsInherited": true, "PrincipalSID": "S-1-5-21-2062199590-3607821280-2073525473-527", "PrincipalType": "Group"}, {"RightName": "GenericAll", "IsInherited": true, "PrincipalSID": "S-1-5-21-2062199590-3607821280-2073525473-519", "PrincipalType": "Group"}, {"RightName": "GenericWrite", "IsInherited": true, "PrincipalSID": "COOCTUS.CORP-S-1-5-32-544", "PrincipalType": "Group"}, {"RightName": "WriteOwner", "IsInherited": true, "PrincipalSID": "COOCTUS.CORP-S-1-5-32-544", "PrincipalType": "Group"}, {"RightName": "AllExtendedRights", "IsInherited": true, "PrincipalSID": "COOCTUS.CORP-S-1-5-32-544", "PrincipalType": "Group"}, {"RightName": "WriteDacl", "IsInherited": true, "PrincipalSID": "COOCTUS.CORP-S-1-5-32-544", "PrincipalType": "Group"}], "SPNTargets": [], "HasSIDHistory": [], "IsDeleted": false, "IsACLProtected": false},{"AllowedToDelegate": [], "ObjectIdentifier": "S-1-5-21-2062199590-3607821280-2073525473-1131", "PrimaryGroupSID": "S-1-5-21-2062199590-3607821280-2073525473-513", "Properties": {"name": "BEN@COOCTUS.CORP", "domain": "COOCTUS.CORP", "domainsid": "S-1-5-21-2062199590-3607821280-2073525473", "distinguishedname": "CN=BEN,OU=HELPDESK,OU=STAFF,OU=EMPLOYEES,DC=COOCTUS,DC=CORP", "unconstraineddelegation": false, "trustedtoauth": false, "passwordnotreqd": false, "enabled": true, "lastlogon": 0, "lastlogontimestamp": -1, "pwdlastset": 1623129636, "dontreqpreauth": false, "pwdneverexpires": true, "sensitive": false, "serviceprincipalnames": [], "hasspn": false, "displayname": "Ben", "email": null, "title": null, "homedirectory": null, "description": null, "userpassword": null, "admincount": false, "sidhistory": [], "whencreated": 1623129636, "unixpassword": null, "unicodepassword": null, "logonscript": null, "samaccountname": "Ben", "sfupassword": null}, "Aces": [{"RightName": "Owns", "IsInherited": false, "PrincipalSID": "S-1-5-21-2062199590-3607821280-2073525473-512", "PrincipalType": "Group"}, {"RightName": "GenericAll", "IsInherited": false, "PrincipalSID": "S-1-5-21-2062199590-3607821280-2073525473-512", "PrincipalType": "Group"}, {"RightName": "GenericAll", "IsInherited": false, "PrincipalSID": "COOCTUS.CORP-S-1-5-32-548", "PrincipalType": "Group"}, {"RightName": "ForceChangePassword", "IsInherited": true, "PrincipalSID": "S-1-5-21-2062199590-3607821280-2073525473-1134", "PrincipalType": "User"}, {"RightName": "AddKeyCredentialLink", "IsInherited": true, "PrincipalSID": "S-1-5-21-2062199590-3607821280-2073525473-526", "PrincipalType": "Group"}, {"RightName": "AddKeyCredentialLink", "IsInherited": true, "PrincipalSID": "S-1-5-21-2062199590-3607821280-2073525473-527", "PrincipalType": "Group"}, {"RightName": "GenericAll", "IsInherited": true, "PrincipalSID": "S-1-5-21-2062199590-3607821280-2073525473-519", "PrincipalType": "Group"}, {"RightName": "GenericWrite", "IsInherited": true, "PrincipalSID": "COOCTUS.CORP-S-1-5-32-544", "PrincipalType": "Group"}, {"RightName": "WriteOwner", "IsInherited": true, "PrincipalSID": "COOCTUS.CORP-S-1-5-32-544", "PrincipalType": "Group"}, {"RightName": "AllExtendedRights", "IsInherited": true, "PrincipalSID": "COOCTUS.CORP-S-1-5-32-544", "PrincipalType": "Group"}, {"RightName": "WriteDacl", "IsInherited": true, "PrincipalSID": "COOCTUS.CORP-S-1-5-32-544", "PrincipalType": "Group"}], "SPNTargets": [], "HasSIDHistory": [], "IsDeleted": false, "IsACLProtected": false},{"AllowedToDelegate": [], "ObjectIdentifier": "S-1-5-21-2062199590-3607821280-2073525473-1132", "PrimaryGroupSID": "S-1-5-21-2062199590-3607821280-2073525473-513", "Properties": {"name": "DAVID@COOCTUS.CORP", "domain": "COOCTUS.CORP", "domainsid": "S-1-5-21-2062199590-3607821280-2073525473", "distinguishedname": "CN=DAVID,OU=CONTRACTORS,OU=EMPLOYEES,DC=COOCTUS,DC=CORP", "unconstraineddelegation": false, "trustedtoauth": false, "passwordnotreqd": false, "enabled": true, "lastlogon": 0, "lastlogontimestamp": -1, "pwdlastset": 1623129650, "dontreqpreauth": false, "pwdneverexpires": true, "sensitive": false, "serviceprincipalnames": [], "hasspn": false, "displayname": "David", "email": null, "title": null, "homedirectory": null, "description": null, "userpassword": null, "admincount": false, "sidhistory": [], "whencreated": 1623129650, "unixpassword": null, "unicodepassword": null, "logonscript": null, "samaccountname": "David", "sfupassword": null}, "Aces": [{"RightName": "Owns", "IsInherited": false, "PrincipalSID": "S-1-5-21-2062199590-3607821280-2073525473-512", "PrincipalType": "Group"}, {"RightName": "GenericAll", "IsInherited": false, "PrincipalSID": "S-1-5-21-2062199590-3607821280-2073525473-512", "PrincipalType": "Group"}, {"RightName": "GenericAll", "IsInherited": false, "PrincipalSID": "COOCTUS.CORP-S-1-5-32-548", "PrincipalType": "Group"}, {"RightName": "ForceChangePassword", "IsInherited": true, "PrincipalSID": "S-1-5-21-2062199590-3607821280-2073525473-1134", "PrincipalType": "User"}, {"RightName": "AddKeyCredentialLink", "IsInherited": true, "PrincipalSID": "S-1-5-21-2062199590-3607821280-2073525473-526", "PrincipalType": "Group"}, {"RightName": "AddKeyCredentialLink", "IsInherited": true, "PrincipalSID": "S-1-5-21-2062199590-3607821280-2073525473-527", "PrincipalType": "Group"}, {"RightName": "GenericAll", "IsInherited": true, "PrincipalSID": "S-1-5-21-2062199590-3607821280-2073525473-519", "PrincipalType": "Group"}, {"RightName": "GenericWrite", "IsInherited": true, "PrincipalSID": "COOCTUS.CORP-S-1-5-32-544", "PrincipalType": "Group"}, {"RightName": "WriteOwner", "IsInherited": true, "PrincipalSID": "COOCTUS.CORP-S-1-5-32-544", "PrincipalType": "Group"}, {"RightName": "AllExtendedRights", "IsInherited": true, "PrincipalSID": "COOCTUS.CORP-S-1-5-32-544", "PrincipalType": "Group"}, {"RightName": "WriteDacl", "IsInherited": true, "PrincipalSID": "COOCTUS.CORP-S-1-5-32-544", "PrincipalType": "Group"}], "SPNTargets": [], "HasSIDHistory": [], "IsDeleted": false, "IsACLProtected": false},{"AllowedToDelegate": [], "ObjectIdentifier": "S-1-5-21-2062199590-3607821280-2073525473-1129", "PrimaryGroupSID": "S-1-5-21-2062199590-3607821280-2073525473-513", "Properties": {"name": "VARG@COOCTUS.CORP", "domain": "COOCTUS.CORP", "domainsid": "S-1-5-21-2062199590-3607821280-2073525473", "distinguishedname": "CN=VARG,OU=MARKETING,OU=STAFF,OU=EMPLOYEES,DC=COOCTUS,DC=CORP", "unconstraineddelegation": false, "trustedtoauth": false, "passwordnotreqd": false, "enabled": true, "lastlogon": 0, "lastlogontimestamp": -1, "pwdlastset": 1623129570, "dontreqpreauth": false, "pwdneverexpires": true, "sensitive": false, "serviceprincipalnames": [], "hasspn": false, "displayname": "varg", "email": null, "title": null, "homedirectory": null, "description": null, "userpassword": null, "admincount": false, "sidhistory": [], "whencreated": 1623129570, "unixpassword": null, "unicodepassword": null, "logonscript": null, "samaccountname": "Varg", "sfupassword": null}, "Aces": [{"RightName": "Owns", "IsInherited": false, "PrincipalSID": "S-1-5-21-2062199590-3607821280-2073525473-512", "PrincipalType": "Group"}, {"RightName": "GenericAll", "IsInherited": false, "PrincipalSID": "S-1-5-21-2062199590-3607821280-2073525473-512", "PrincipalType": "Group"}, {"RightName": "GenericAll", "IsInherited": false, "PrincipalSID": "COOCTUS.CORP-S-1-5-32-548", "PrincipalType": "Group"}, {"RightName": "ForceChangePassword", "IsInherited": true, "PrincipalSID": "S-1-5-21-2062199590-3607821280-2073525473-1134", "PrincipalType": "User"}, {"RightName": "AddKeyCredentialLink", "IsInherited": true, "PrincipalSID": "S-1-5-21-2062199590-3607821280-2073525473-526", "PrincipalType": "Group"}, {"RightName": "AddKeyCredentialLink", "IsInherited": true, "PrincipalSID": "S-1-5-21-2062199590-3607821280-2073525473-527", "PrincipalType": "Group"}, {"RightName": "GenericAll", "IsInherited": true, "PrincipalSID": "S-1-5-21-2062199590-3607821280-2073525473-519", "PrincipalType": "Group"}, {"RightName": "GenericWrite", "IsInherited": true, "PrincipalSID": "COOCTUS.CORP-S-1-5-32-544", "PrincipalType": "Group"}, {"RightName": "WriteOwner", "IsInherited": true, "PrincipalSID": "COOCTUS.CORP-S-1-5-32-544", "PrincipalType": "Group"}, {"RightName": "AllExtendedRights", "IsInherited": true, "PrincipalSID": "COOCTUS.CORP-S-1-5-32-544", "PrincipalType": "Group"}, {"RightName": "WriteDacl", "IsInherited": true, "PrincipalSID": "COOCTUS.CORP-S-1-5-32-544", "PrincipalType": "Group"}], "SPNTargets": [], "HasSIDHistory": [], "IsDeleted": false, "IsACLProtected": false},{"AllowedToDelegate": [], "ObjectIdentifier": "S-1-5-21-2062199590-3607821280-2073525473-1128", "PrimaryGroupSID": "S-1-5-21-2062199590-3607821280-2073525473-513", "Properties": {"name": "JON@COOCTUS.CORP", "domain": "COOCTUS.CORP", "domainsid": "S-1-5-21-2062199590-3607821280-2073525473", "distinguishedname": "CN=JON,OU=R&D,OU=STAFF,OU=EMPLOYEES,DC=COOCTUS,DC=CORP", "unconstraineddelegation": false, "trustedtoauth": false, "passwordnotreqd": false, "enabled": true, "lastlogon": 0, "lastlogontimestamp": -1, "pwdlastset": 1623129552, "dontreqpreauth": false, "pwdneverexpires": true, "sensitive": false, "serviceprincipalnames": [], "hasspn": false, "displayname": "jon", "email": null, "title": null, "homedirectory": null, "description": null, "userpassword": null, "admincount": false, "sidhistory": [], "whencreated": 1623129552, "unixpassword": null, "unicodepassword": null, "logonscript": null, "samaccountname": "jon", "sfupassword": null}, "Aces": [{"RightName": "Owns", "IsInherited": false, "PrincipalSID": "S-1-5-21-2062199590-3607821280-2073525473-512", "PrincipalType": "Group"}, {"RightName": "GenericAll", "IsInherited": false, "PrincipalSID": "S-1-5-21-2062199590-3607821280-2073525473-512", "PrincipalType": "Group"}, {"RightName": "GenericAll", "IsInherited": false, "PrincipalSID": "COOCTUS.CORP-S-1-5-32-548", "PrincipalType": "Group"}, {"RightName": "ForceChangePassword", "IsInherited": true, "PrincipalSID": "S-1-5-21-2062199590-3607821280-2073525473-1134", "PrincipalType": "User"}, {"RightName": "AddKeyCredentialLink", "IsInherited": true, "PrincipalSID": "S-1-5-21-2062199590-3607821280-2073525473-526", "PrincipalType": "Group"}, {"RightName": "AddKeyCredentialLink", "IsInherited": true, "PrincipalSID": "S-1-5-21-2062199590-3607821280-2073525473-527", "PrincipalType": "Group"}, {"RightName": "GenericAll", "IsInherited": true, "PrincipalSID": "S-1-5-21-2062199590-3607821280-2073525473-519", "PrincipalType": "Group"}, {"RightName": "GenericWrite", "IsInherited": true, "PrincipalSID": "COOCTUS.CORP-S-1-5-32-544", "PrincipalType": "Group"}, {"RightName": "WriteOwner", "IsInherited": true, "PrincipalSID": "COOCTUS.CORP-S-1-5-32-544", "PrincipalType": "Group"}, {"RightName": "AllExtendedRights", "IsInherited": true, "PrincipalSID": "COOCTUS.CORP-S-1-5-32-544", "PrincipalType": "Group"}, {"RightName": "WriteDacl", "IsInherited": true, "PrincipalSID": "COOCTUS.CORP-S-1-5-32-544", "PrincipalType": "Group"}], "SPNTargets": [], "HasSIDHistory": [], "IsDeleted": false, "IsACLProtected": false},{"AllowedToDelegate": [], "ObjectIdentifier": "S-1-5-21-2062199590-3607821280-2073525473-1130", "PrimaryGroupSID": "S-1-5-21-2062199590-3607821280-2073525473-513", "Properties": {"name": "EVAN@COOCTUS.CORP", "domain": "COOCTUS.CORP", "domainsid": "S-1-5-21-2062199590-3607821280-2073525473", "distinguishedname": "CN=EVAN,OU=HR,OU=STAFF,OU=EMPLOYEES,DC=COOCTUS,DC=CORP", "unconstraineddelegation": false, "trustedtoauth": false, "passwordnotreqd": false, "enabled": true, "lastlogon": 0, "lastlogontimestamp": -1, "pwdlastset": 1623129619, "dontreqpreauth": false, "pwdneverexpires": true, "sensitive": false, "serviceprincipalnames": [], "hasspn": false, "displayname": "evan", "email": null, "title": null, "homedirectory": null, "description": null, "userpassword": null, "admincount": false, "sidhistory": [], "whencreated": 1623129619, "unixpassword": null, "unicodepassword": null, "logonscript": null, "samaccountname": "evan", "sfupassword": null}, "Aces": [{"RightName": "Owns", "IsInherited": false, "PrincipalSID": "S-1-5-21-2062199590-3607821280-2073525473-512", "PrincipalType": "Group"}, {"RightName": "GenericAll", "IsInherited": false, "PrincipalSID": "S-1-5-21-2062199590-3607821280-2073525473-512", "PrincipalType": "Group"}, {"RightName": "GenericAll", "IsInherited": false, "PrincipalSID": "COOCTUS.CORP-S-1-5-32-548", "PrincipalType": "Group"}, {"RightName": "ForceChangePassword", "IsInherited": true, "PrincipalSID": "S-1-5-21-2062199590-3607821280-2073525473-1134", "PrincipalType": "User"}, {"RightName": "AddKeyCredentialLink", "IsInherited": true, "PrincipalSID": "S-1-5-21-2062199590-3607821280-2073525473-526", "PrincipalType": "Group"}, {"RightName": "AddKeyCredentialLink", "IsInherited": true, "PrincipalSID": "S-1-5-21-2062199590-3607821280-2073525473-527", "PrincipalType": "Group"}, {"RightName": "GenericAll", "IsInherited": true, "PrincipalSID": "S-1-5-21-2062199590-3607821280-2073525473-519", "PrincipalType": "Group"}, {"RightName": "GenericWrite", "IsInherited": true, "PrincipalSID": "COOCTUS.CORP-S-1-5-32-544", "PrincipalType": "Group"}, {"RightName": "WriteOwner", "IsInherited": true, "PrincipalSID": "COOCTUS.CORP-S-1-5-32-544", "PrincipalType": "Group"}, {"RightName": "AllExtendedRights", "IsInherited": true, "PrincipalSID": "COOCTUS.CORP-S-1-5-32-544", "PrincipalType": "Group"}, {"RightName": "WriteDacl", "IsInherited": true, "PrincipalSID": "COOCTUS.CORP-S-1-5-32-544", "PrincipalType": "Group"}], "SPNTargets": [], "HasSIDHistory": [], "IsDeleted": false, "IsACLProtected": false},{"AllowedToDelegate": [], "ObjectIdentifier": "S-1-5-21-2062199590-3607821280-2073525473-1126", "PrimaryGroupSID": "S-1-5-21-2062199590-3607821280-2073525473-513", "Properties": {"name": "PARS@COOCTUS.CORP", "domain": "COOCTUS.CORP", "domainsid": "S-1-5-21-2062199590-3607821280-2073525473", "distinguishedname": "CN=PARADOX,OU=SALES,OU=STAFF,OU=EMPLOYEES,DC=COOCTUS,DC=CORP", "unconstraineddelegation": false, "trustedtoauth": false, "passwordnotreqd": false, "enabled": true, "lastlogon": 0, "lastlogontimestamp": -1, "pwdlastset": 1623129501, "dontreqpreauth": false, "pwdneverexpires": true, "sensitive": false, "serviceprincipalnames": [], "hasspn": false, "displayname": "paradox", "email": null, "title": null, "homedirectory": null, "description": null, "userpassword": null, "admincount": false, "sidhistory": [], "whencreated": 1623129501, "unixpassword": null, "unicodepassword": null, "logonscript": null, "samaccountname": "pars", "sfupassword": null}, "Aces": [{"RightName": "Owns", "IsInherited": false, "PrincipalSID": "S-1-5-21-2062199590-3607821280-2073525473-512", "PrincipalType": "Group"}, {"RightName": "GenericAll", "IsInherited": false, "PrincipalSID": "S-1-5-21-2062199590-3607821280-2073525473-512", "PrincipalType": "Group"}, {"RightName": "GenericAll", "IsInherited": false, "PrincipalSID": "COOCTUS.CORP-S-1-5-32-548", "PrincipalType": "Group"}, {"RightName": "ForceChangePassword", "IsInherited": true, "PrincipalSID": "S-1-5-21-2062199590-3607821280-2073525473-1134", "PrincipalType": "User"}, {"RightName": "AddKeyCredentialLink", "IsInherited": true, "PrincipalSID": "S-1-5-21-2062199590-3607821280-2073525473-526", "PrincipalType": "Group"}, {"RightName": "AddKeyCredentialLink", "IsInherited": true, "PrincipalSID": "S-1-5-21-2062199590-3607821280-2073525473-527", "PrincipalType": "Group"}, {"RightName": "GenericAll", "IsInherited": true, "PrincipalSID": "S-1-5-21-2062199590-3607821280-2073525473-519", "PrincipalType": "Group"}, {"RightName": "GenericWrite", "IsInherited": true, "PrincipalSID": "COOCTUS.CORP-S-1-5-32-544", "PrincipalType": "Group"}, {"RightName": "WriteOwner", "IsInherited": true, "PrincipalSID": "COOCTUS.CORP-S-1-5-32-544", "PrincipalType": "Group"}, {"RightName": "AllExtendedRights", "IsInherited": true, "PrincipalSID": "COOCTUS.CORP-S-1-5-32-544", "PrincipalType": "Group"}, {"RightName": "WriteDacl", "IsInherited": true, "PrincipalSID": "COOCTUS.CORP-S-1-5-32-544", "PrincipalType": "Group"}], "SPNTargets": [], "HasSIDHistory": [], "IsDeleted": false, "IsACLProtected": false},{"AllowedToDelegate": [], "ObjectIdentifier": "S-1-5-21-2062199590-3607821280-2073525473-1125", "PrimaryGroupSID": "S-1-5-21-2062199590-3607821280-2073525473-513", "Properties": {"name": "YUMEKO@COOCTUS.CORP", "domain": "COOCTUS.CORP", "domainsid": "S-1-5-21-2062199590-3607821280-2073525473", "distinguishedname": "CN=YUMEKO,OU=R&D,OU=STAFF,OU=EMPLOYEES,DC=COOCTUS,DC=CORP", "unconstraineddelegation": false, "trustedtoauth": false, "passwordnotreqd": false, "enabled": true, "lastlogon": 0, "lastlogontimestamp": -1, "pwdlastset": 1623129482, "dontreqpreauth": false, "pwdneverexpires": true, "sensitive": false, "serviceprincipalnames": [], "hasspn": false, "displayname": "yumeko", "email": null, "title": null, "homedirectory": null, "description": null, "userpassword": null, "admincount": false, "sidhistory": [], "whencreated": 1623129481, "unixpassword": null, "unicodepassword": null, "logonscript": null, "samaccountname": "yumeko", "sfupassword": null}, "Aces": [{"RightName": "Owns", "IsInherited": false, "PrincipalSID": "S-1-5-21-2062199590-3607821280-2073525473-512", "PrincipalType": "Group"}, {"RightName": "GenericAll", "IsInherited": false, "PrincipalSID": "S-1-5-21-2062199590-3607821280-2073525473-512", "PrincipalType": "Group"}, {"RightName": "GenericAll", "IsInherited": false, "PrincipalSID": "COOCTUS.CORP-S-1-5-32-548", "PrincipalType": "Group"}, {"RightName": "ForceChangePassword", "IsInherited": true, "PrincipalSID": "S-1-5-21-2062199590-3607821280-2073525473-1134", "PrincipalType": "User"}, {"RightName": "AddKeyCredentialLink", "IsInherited": true, "PrincipalSID": "S-1-5-21-2062199590-3607821280-2073525473-526", "PrincipalType": "Group"}, {"RightName": "AddKeyCredentialLink", "IsInherited": true, "PrincipalSID": "S-1-5-21-2062199590-3607821280-2073525473-527", "PrincipalType": "Group"}, {"RightName": "GenericAll", "IsInherited": true, "PrincipalSID": "S-1-5-21-2062199590-3607821280-2073525473-519", "PrincipalType": "Group"}, {"RightName": "GenericWrite", "IsInherited": true, "PrincipalSID": "COOCTUS.CORP-S-1-5-32-544", "PrincipalType": "Group"}, {"RightName": "WriteOwner", "IsInherited": true, "PrincipalSID": "COOCTUS.CORP-S-1-5-32-544", "PrincipalType": "Group"}, {"RightName": "AllExtendedRights", "IsInherited": true, "PrincipalSID": "COOCTUS.CORP-S-1-5-32-544", "PrincipalType": "Group"}, {"RightName": "WriteDacl", "IsInherited": true, "PrincipalSID": "COOCTUS.CORP-S-1-5-32-544", "PrincipalType": "Group"}], "SPNTargets": [], "HasSIDHistory": [], "IsDeleted": false, "IsACLProtected": false},{"AllowedToDelegate": [], "ObjectIdentifier": "S-1-5-21-2062199590-3607821280-2073525473-1124", "PrimaryGroupSID": "S-1-5-21-2062199590-3607821280-2073525473-513", "Properties": {"name": "CRYILLIC@COOCTUS.CORP", "domain": "COOCTUS.CORP", "domainsid": "S-1-5-21-2062199590-3607821280-2073525473", "distinguishedname": "CN=CRYILLIC,OU=MARKETING,OU=STAFF,OU=EMPLOYEES,DC=COOCTUS,DC=CORP", "unconstraineddelegation": false, "trustedtoauth": false, "passwordnotreqd": false, "enabled": true, "lastlogon": 0, "lastlogontimestamp": -1, "pwdlastset": 1623129461, "dontreqpreauth": false, "pwdneverexpires": true, "sensitive": false, "serviceprincipalnames": [], "hasspn": false, "displayname": "cryillic", "email": null, "title": null, "homedirectory": null, "description": null, "userpassword": null, "admincount": false, "sidhistory": [], "whencreated": 1623129461, "unixpassword": null, "unicodepassword": null, "logonscript": null, "samaccountname": "cryillic", "sfupassword": null}, "Aces": [{"RightName": "Owns", "IsInherited": false, "PrincipalSID": "S-1-5-21-2062199590-3607821280-2073525473-512", "PrincipalType": "Group"}, {"RightName": "GenericAll", "IsInherited": false, "PrincipalSID": "S-1-5-21-2062199590-3607821280-2073525473-512", "PrincipalType": "Group"}, {"RightName": "GenericAll", "IsInherited": false, "PrincipalSID": "COOCTUS.CORP-S-1-5-32-548", "PrincipalType": "Group"}, {"RightName": "ForceChangePassword", "IsInherited": true, "PrincipalSID": "S-1-5-21-2062199590-3607821280-2073525473-1134", "PrincipalType": "User"}, {"RightName": "AddKeyCredentialLink", "IsInherited": true, "PrincipalSID": "S-1-5-21-2062199590-3607821280-2073525473-526", "PrincipalType": "Group"}, {"RightName": "AddKeyCredentialLink", "IsInherited": true, "PrincipalSID": "S-1-5-21-2062199590-3607821280-2073525473-527", "PrincipalType": "Group"}, {"RightName": "GenericAll", "IsInherited": true, "PrincipalSID": "S-1-5-21-2062199590-3607821280-2073525473-519", "PrincipalType": "Group"}, {"RightName": "GenericWrite", "IsInherited": true, "PrincipalSID": "COOCTUS.CORP-S-1-5-32-544", "PrincipalType": "Group"}, {"RightName": "WriteOwner", "IsInherited": true, "PrincipalSID": "COOCTUS.CORP-S-1-5-32-544", "PrincipalType": "Group"}, {"RightName": "AllExtendedRights", "IsInherited": true, "PrincipalSID": "COOCTUS.CORP-S-1-5-32-544", "PrincipalType": "Group"}, {"RightName": "WriteDacl", "IsInherited": true, "PrincipalSID": "COOCTUS.CORP-S-1-5-32-544", "PrincipalType": "Group"}], "SPNTargets": [], "HasSIDHistory": [], "IsDeleted": false, "IsACLProtected": false},{"AllowedToDelegate": [], "ObjectIdentifier": "S-1-5-21-2062199590-3607821280-2073525473-1127", "PrimaryGroupSID": "S-1-5-21-2062199590-3607821280-2073525473-513", "Properties": {"name": "KEVIN@COOCTUS.CORP", "domain": "COOCTUS.CORP", "domainsid": "S-1-5-21-2062199590-3607821280-2073525473", "distinguishedname": "CN=KEVIN,OU=SALES,OU=STAFF,OU=EMPLOYEES,DC=COOCTUS,DC=CORP", "unconstraineddelegation": false, "trustedtoauth": false, "passwordnotreqd": false, "enabled": true, "lastlogon": 0, "lastlogontimestamp": -1, "pwdlastset": 1623129515, "dontreqpreauth": false, "pwdneverexpires": true, "sensitive": false, "serviceprincipalnames": [], "hasspn": false, "displayname": "kevin", "email": null, "title": null, "homedirectory": null, "description": null, "userpassword": null, "admincount": false, "sidhistory": [], "whencreated": 1623129515, "unixpassword": null, "unicodepassword": null, "logonscript": null, "samaccountname": "kevin", "sfupassword": null}, "Aces": [{"RightName": "Owns", "IsInherited": false, "PrincipalSID": "S-1-5-21-2062199590-3607821280-2073525473-512", "PrincipalType": "Group"}, {"RightName": "GenericAll", "IsInherited": false, "PrincipalSID": "S-1-5-21-2062199590-3607821280-2073525473-512", "PrincipalType": "Group"}, {"RightName": "GenericAll", "IsInherited": false, "PrincipalSID": "COOCTUS.CORP-S-1-5-32-548", "PrincipalType": "Group"}, {"RightName": "ForceChangePassword", "IsInherited": true, "PrincipalSID": "S-1-5-21-2062199590-3607821280-2073525473-1134", "PrincipalType": "User"}, {"RightName": "AddKeyCredentialLink", "IsInherited": true, "PrincipalSID": "S-1-5-21-2062199590-3607821280-2073525473-526", "PrincipalType": "Group"}, {"RightName": "AddKeyCredentialLink", "IsInherited": true, "PrincipalSID": "S-1-5-21-2062199590-3607821280-2073525473-527", "PrincipalType": "Group"}, {"RightName": "GenericAll", "IsInherited": true, "PrincipalSID": "S-1-5-21-2062199590-3607821280-2073525473-519", "PrincipalType": "Group"}, {"RightName": "GenericWrite", "IsInherited": true, "PrincipalSID": "COOCTUS.CORP-S-1-5-32-544", "PrincipalType": "Group"}, {"RightName": "WriteOwner", "IsInherited": true, "PrincipalSID": "COOCTUS.CORP-S-1-5-32-544", "PrincipalType": "Group"}, {"RightName": "AllExtendedRights", "IsInherited": true, "PrincipalSID": "COOCTUS.CORP-S-1-5-32-544", "PrincipalType": "Group"}, {"RightName": "WriteDacl", "IsInherited": true, "PrincipalSID": "COOCTUS.CORP-S-1-5-32-544", "PrincipalType": "Group"}], "SPNTargets": [], "HasSIDHistory": [], "IsDeleted": false, "IsACLProtected": false},{"AllowedToDelegate": [], "ObjectIdentifier": "S-1-5-21-2062199590-3607821280-2073525473-1122", "PrimaryGroupSID": "S-1-5-21-2062199590-3607821280-2073525473-513", "Properties": {"name": "FAWAZ@COOCTUS.CORP", "domain": "COOCTUS.CORP", "domainsid": "S-1-5-21-2062199590-3607821280-2073525473", "distinguishedname": "CN=FAWAZ,OU=HELPDESK,OU=STAFF,OU=EMPLOYEES,DC=COOCTUS,DC=CORP", "unconstraineddelegation": false, "trustedtoauth": false, "passwordnotreqd": false, "enabled": true, "lastlogon": 1623184544, "lastlogontimestamp": 1623178344, "pwdlastset": 1623189610, "dontreqpreauth": false, "pwdneverexpires": true, "sensitive": false, "serviceprincipalnames": [], "hasspn": false, "displayname": "Fawaz", "email": null, "title": null, "homedirectory": null, "description": null, "userpassword": null, "admincount": false, "sidhistory": [], "whencreated": 1623129425, "unixpassword": null, "unicodepassword": null, "logonscript": null, "samaccountname": "Fawaz", "sfupassword": null}, "Aces": [{"RightName": "Owns", "IsInherited": false, "PrincipalSID": "S-1-5-21-2062199590-3607821280-2073525473-512", "PrincipalType": "Group"}, {"RightName": "GenericAll", "IsInherited": false, "PrincipalSID": "S-1-5-21-2062199590-3607821280-2073525473-512", "PrincipalType": "Group"}, {"RightName": "GenericAll", "IsInherited": false, "PrincipalSID": "COOCTUS.CORP-S-1-5-32-548", "PrincipalType": "Group"}, {"RightName": "ForceChangePassword", "IsInherited": true, "PrincipalSID": "S-1-5-21-2062199590-3607821280-2073525473-1134", "PrincipalType": "User"}, {"RightName": "AddKeyCredentialLink", "IsInherited": true, "PrincipalSID": "S-1-5-21-2062199590-3607821280-2073525473-526", "PrincipalType": "Group"}, {"RightName": "AddKeyCredentialLink", "IsInherited": true, "PrincipalSID": "S-1-5-21-2062199590-3607821280-2073525473-527", "PrincipalType": "Group"}, {"RightName": "GenericAll", "IsInherited": true, "PrincipalSID": "S-1-5-21-2062199590-3607821280-2073525473-519", "PrincipalType": "Group"}, {"RightName": "GenericWrite", "IsInherited": true, "PrincipalSID": "COOCTUS.CORP-S-1-5-32-544", "PrincipalType": "Group"}, {"RightName": "WriteOwner", "IsInherited": true, "PrincipalSID": "COOCTUS.CORP-S-1-5-32-544", "PrincipalType": "Group"}, {"RightName": "AllExtendedRights", "IsInherited": true, "PrincipalSID": "COOCTUS.CORP-S-1-5-32-544", "PrincipalType": "Group"}, {"RightName": "WriteDacl", "IsInherited": true, "PrincipalSID": "COOCTUS.CORP-S-1-5-32-544", "PrincipalType": "Group"}], "SPNTargets": [], "HasSIDHistory": [], "IsDeleted": false, "IsACLProtected": false},{"AllowedToDelegate": [], "ObjectIdentifier": "S-1-5-21-2062199590-3607821280-2073525473-1123", "PrimaryGroupSID": "S-1-5-21-2062199590-3607821280-2073525473-513", "Properties": {"name": "KAREN@COOCTUS.CORP", "domain": "COOCTUS.CORP", "domainsid": "S-1-5-21-2062199590-3607821280-2073525473", "distinguishedname": "CN=KAREN,OU=HR,OU=STAFF,OU=EMPLOYEES,DC=COOCTUS,DC=CORP", "unconstraineddelegation": false, "trustedtoauth": false, "passwordnotreqd": false, "enabled": true, "lastlogon": 0, "lastlogontimestamp": -1, "pwdlastset": 1623129447, "dontreqpreauth": false, "pwdneverexpires": true, "sensitive": false, "serviceprincipalnames": [], "hasspn": false, "displayname": "karen", "email": null, "title": null, "homedirectory": null, "description": null, "userpassword": null, "admincount": false, "sidhistory": [], "whencreated": 1623129447, "unixpassword": null, "unicodepassword": null, "logonscript": null, "samaccountname": "karen", "sfupassword": null}, "Aces": [{"RightName": "Owns", "IsInherited": false, "PrincipalSID": "S-1-5-21-2062199590-3607821280-2073525473-512", "PrincipalType": "Group"}, {"RightName": "GenericAll", "IsInherited": false, "PrincipalSID": "S-1-5-21-2062199590-3607821280-2073525473-512", "PrincipalType": "Group"}, {"RightName": "GenericAll", "IsInherited": false, "PrincipalSID": "COOCTUS.CORP-S-1-5-32-548", "PrincipalType": "Group"}, {"RightName": "ForceChangePassword", "IsInherited": true, "PrincipalSID": "S-1-5-21-2062199590-3607821280-2073525473-1134", "PrincipalType": "User"}, {"RightName": "AddKeyCredentialLink", "IsInherited": true, "PrincipalSID": "S-1-5-21-2062199590-3607821280-2073525473-526", "PrincipalType": "Group"}, {"RightName": "AddKeyCredentialLink", "IsInherited": true, "PrincipalSID": "S-1-5-21-2062199590-3607821280-2073525473-527", "PrincipalType": "Group"}, {"RightName": "GenericAll", "IsInherited": true, "PrincipalSID": "S-1-5-21-2062199590-3607821280-2073525473-519", "PrincipalType": "Group"}, {"RightName": "GenericWrite", "IsInherited": true, "PrincipalSID": "COOCTUS.CORP-S-1-5-32-544", "PrincipalType": "Group"}, {"RightName": "WriteOwner", "IsInherited": true, "PrincipalSID": "COOCTUS.CORP-S-1-5-32-544", "PrincipalType": "Group"}, {"RightName": "AllExtendedRights", "IsInherited": true, "PrincipalSID": "COOCTUS.CORP-S-1-5-32-544", "PrincipalType": "Group"}, {"RightName": "WriteDacl", "IsInherited": true, "PrincipalSID": "COOCTUS.CORP-S-1-5-32-544", "PrincipalType": "Group"}], "SPNTargets": [], "HasSIDHistory": [], "IsDeleted": false, "IsACLProtected": false},{"AllowedToDelegate": [], "ObjectIdentifier": "S-1-5-21-2062199590-3607821280-2073525473-1121", "PrimaryGroupSID": "S-1-5-21-2062199590-3607821280-2073525473-513", "Properties": {"name": "ADMCROCCCREW@COOCTUS.CORP", "domain": "COOCTUS.CORP", "domainsid": "S-1-5-21-2062199590-3607821280-2073525473", "distinguishedname": "CN=ADMCROCCCREW,OU=ENTERPRISE-ADMINS,OU=SECURITY-OU,DC=COOCTUS,DC=CORP", "unconstraineddelegation": false, "trustedtoauth": false, "passwordnotreqd": false, "enabled": true, "lastlogon": 1623129791, "lastlogontimestamp": 1623127376, "pwdlastset": 1623127347, "dontreqpreauth": false, "pwdneverexpires": true, "sensitive": false, "serviceprincipalnames": [], "hasspn": false, "displayname": "admCroccCrew", "email": null, "title": null, "homedirectory": null, "description": null, "userpassword": null, "admincount": true, "sidhistory": [], "whencreated": 1623122134, "unixpassword": null, "unicodepassword": null, "logonscript": null, "samaccountname": "admCroccCrew", "sfupassword": null}, "Aces": [{"RightName": "Owns", "IsInherited": false, "PrincipalSID": "S-1-5-21-2062199590-3607821280-2073525473-512", "PrincipalType": "Group"}, {"RightName": "GenericWrite", "IsInherited": false, "PrincipalSID": "S-1-5-21-2062199590-3607821280-2073525473-512", "PrincipalType": "Group"}, {"RightName": "WriteOwner", "IsInherited": false, "PrincipalSID": "S-1-5-21-2062199590-3607821280-2073525473-512", "PrincipalType": "Group"}, {"RightName": "AllExtendedRights", "IsInherited": false, "PrincipalSID": "S-1-5-21-2062199590-3607821280-2073525473-512", "PrincipalType": "Group"}, {"RightName": "WriteDacl", "IsInherited": false, "PrincipalSID": "S-1-5-21-2062199590-3607821280-2073525473-512", "PrincipalType": "Group"}, {"RightName": "GenericWrite", "IsInherited": false, "PrincipalSID": "S-1-5-21-2062199590-3607821280-2073525473-519", "PrincipalType": "Group"}, {"RightName": "WriteOwner", "IsInherited": false, "PrincipalSID": "S-1-5-21-2062199590-3607821280-2073525473-519", "PrincipalType": "Group"}, {"RightName": "AllExtendedRights", "IsInherited": false, "PrincipalSID": "S-1-5-21-2062199590-3607821280-2073525473-519", "PrincipalType": "Group"}, {"RightName": "WriteDacl", "IsInherited": false, "PrincipalSID": "S-1-5-21-2062199590-3607821280-2073525473-519", "PrincipalType": "Group"}, {"RightName": "GenericWrite", "IsInherited": false, "PrincipalSID": "COOCTUS.CORP-S-1-5-32-544", "PrincipalType": "Group"}, {"RightName": "WriteOwner", "IsInherited": false, "PrincipalSID": "COOCTUS.CORP-S-1-5-32-544", "PrincipalType": "Group"}, {"RightName": "AllExtendedRights", "IsInherited": false, "PrincipalSID": "COOCTUS.CORP-S-1-5-32-544", "PrincipalType": "Group"}, {"RightName": "WriteDacl", "IsInherited": false, "PrincipalSID": "COOCTUS.CORP-S-1-5-32-544", "PrincipalType": "Group"}], "SPNTargets": [], "HasSIDHistory": [], "IsDeleted": false, "IsACLProtected": true},{"AllowedToDelegate": [], "ObjectIdentifier": "S-1-5-21-2062199590-3607821280-2073525473-1120", "PrimaryGroupSID": "S-1-5-21-2062199590-3607821280-2073525473-513", "Properties": {"name": "HOWARD@COOCTUS.CORP", "domain": "COOCTUS.CORP", "domainsid": "S-1-5-21-2062199590-3607821280-2073525473", "distinguishedname": "CN=HOWARD,OU=ENTERPRISE-ADMINS,OU=SECURITY-OU,DC=COOCTUS,DC=CORP", "unconstraineddelegation": false, "trustedtoauth": false, "passwordnotreqd": false, "enabled": true, "lastlogon": 0, "lastlogontimestamp": -1, "pwdlastset": 1623122024, "dontreqpreauth": false, "pwdneverexpires": true, "sensitive": false, "serviceprincipalnames": [], "hasspn": false, "displayname": "Howard", "email": null, "title": null, "homedirectory": null, "description": null, "userpassword": null, "admincount": true, "sidhistory": [], "whencreated": 1623122024, "unixpassword": null, "unicodepassword": null, "logonscript": null, "samaccountname": "Howard", "sfupassword": null}, "Aces": [{"RightName": "Owns", "IsInherited": false, "PrincipalSID": "S-1-5-21-2062199590-3607821280-2073525473-512", "PrincipalType": "Group"}, {"RightName": "GenericWrite", "IsInherited": false, "PrincipalSID": "S-1-5-21-2062199590-3607821280-2073525473-512", "PrincipalType": "Group"}, {"RightName": "WriteOwner", "IsInherited": false, "PrincipalSID": "S-1-5-21-2062199590-3607821280-2073525473-512", "PrincipalType": "Group"}, {"RightName": "AllExtendedRights", "IsInherited": false, "PrincipalSID": "S-1-5-21-2062199590-3607821280-2073525473-512", "PrincipalType": "Group"}, {"RightName": "WriteDacl", "IsInherited": false, "PrincipalSID": "S-1-5-21-2062199590-3607821280-2073525473-512", "PrincipalType": "Group"}, {"RightName": "GenericWrite", "IsInherited": false, "PrincipalSID": "S-1-5-21-2062199590-3607821280-2073525473-519", "PrincipalType": "Group"}, {"RightName": "WriteOwner", "IsInherited": false, "PrincipalSID": "S-1-5-21-2062199590-3607821280-2073525473-519", "PrincipalType": "Group"}, {"RightName": "AllExtendedRights", "IsInherited": false, "PrincipalSID": "S-1-5-21-2062199590-3607821280-2073525473-519", "PrincipalType": "Group"}, {"RightName": "WriteDacl", "IsInherited": false, "PrincipalSID": "S-1-5-21-2062199590-3607821280-2073525473-519", "PrincipalType": "Group"}, {"RightName": "GenericWrite", "IsInherited": false, "PrincipalSID": "COOCTUS.CORP-S-1-5-32-544", "PrincipalType": "Group"}, {"RightName": "WriteOwner", "IsInherited": false, "PrincipalSID": "COOCTUS.CORP-S-1-5-32-544", "PrincipalType": "Group"}, {"RightName": "AllExtendedRights", "IsInherited": false, "PrincipalSID": "COOCTUS.CORP-S-1-5-32-544", "PrincipalType": "Group"}, {"RightName": "WriteDacl", "IsInherited": false, "PrincipalSID": "COOCTUS.CORP-S-1-5-32-544", "PrincipalType": "Group"}], "SPNTargets": [], "HasSIDHistory": [], "IsDeleted": false, "IsACLProtected": true},{"AllowedToDelegate": [], "ObjectIdentifier": "S-1-5-21-2062199590-3607821280-2073525473-1117", "PrimaryGroupSID": "S-1-5-21-2062199590-3607821280-2073525473-513", "Properties": {"name": "SPOOKS@COOCTUS.CORP", "domain": "COOCTUS.CORP", "domainsid": "S-1-5-21-2062199590-3607821280-2073525473", "distinguishedname": "CN=SPOOKS,OU=ENTERPRISE-ADMINS,OU=SECURITY-OU,DC=COOCTUS,DC=CORP", "unconstraineddelegation": false, "trustedtoauth": false, "passwordnotreqd": false, "enabled": true, "lastlogon": 1623121971, "lastlogontimestamp": 1623121757, "pwdlastset": 1623130908, "dontreqpreauth": false, "pwdneverexpires": true, "sensitive": false, "serviceprincipalnames": [], "hasspn": false, "displayname": "Spooks", "email": null, "title": null, "homedirectory": null, "description": null, "userpassword": null, "admincount": true, "sidhistory": [], "whencreated": 1623119162, "unixpassword": null, "unicodepassword": null, "logonscript": null, "samaccountname": "Spooks", "sfupassword": null}, "Aces": [{"RightName": "Owns", "IsInherited": false, "PrincipalSID": "S-1-5-21-2062199590-3607821280-2073525473-512", "PrincipalType": "Group"}, {"RightName": "GenericWrite", "IsInherited": false, "PrincipalSID": "S-1-5-21-2062199590-3607821280-2073525473-512", "PrincipalType": "Group"}, {"RightName": "WriteOwner", "IsInherited": false, "PrincipalSID": "S-1-5-21-2062199590-3607821280-2073525473-512", "PrincipalType": "Group"}, {"RightName": "AllExtendedRights", "IsInherited": false, "PrincipalSID": "S-1-5-21-2062199590-3607821280-2073525473-512", "PrincipalType": "Group"}, {"RightName": "WriteDacl", "IsInherited": false, "PrincipalSID": "S-1-5-21-2062199590-3607821280-2073525473-512", "PrincipalType": "Group"}, {"RightName": "GenericWrite", "IsInherited": false, "PrincipalSID": "S-1-5-21-2062199590-3607821280-2073525473-519", "PrincipalType": "Group"}, {"RightName": "WriteOwner", "IsInherited": false, "PrincipalSID": "S-1-5-21-2062199590-3607821280-2073525473-519", "PrincipalType": "Group"}, {"RightName": "AllExtendedRights", "IsInherited": false, "PrincipalSID": "S-1-5-21-2062199590-3607821280-2073525473-519", "PrincipalType": "Group"}, {"RightName": "WriteDacl", "IsInherited": false, "PrincipalSID": "S-1-5-21-2062199590-3607821280-2073525473-519", "PrincipalType": "Group"}, {"RightName": "GenericWrite", "IsInherited": false, "PrincipalSID": "COOCTUS.CORP-S-1-5-32-544", "PrincipalType": "Group"}, {"RightName": "WriteOwner", "IsInherited": false, "PrincipalSID": "COOCTUS.CORP-S-1-5-32-544", "PrincipalType": "Group"}, {"RightName": "AllExtendedRights", "IsInherited": false, "PrincipalSID": "COOCTUS.CORP-S-1-5-32-544", "PrincipalType": "Group"}, {"RightName": "WriteDacl", "IsInherited": false, "PrincipalSID": "COOCTUS.CORP-S-1-5-32-544", "PrincipalType": "Group"}], "SPNTargets": [], "HasSIDHistory": [], "IsDeleted": false, "IsACLProtected": true},{"AllowedToDelegate": [], "ObjectIdentifier": "S-1-5-21-2062199590-3607821280-2073525473-1119", "PrimaryGroupSID": "S-1-5-21-2062199590-3607821280-2073525473-513", "Properties": {"name": "STEVE@COOCTUS.CORP", "domain": "COOCTUS.CORP", "domainsid": "S-1-5-21-2062199590-3607821280-2073525473", "distinguishedname": "CN=STEVE,OU=ENTERPRISE-ADMINS,OU=SECURITY-OU,DC=COOCTUS,DC=CORP", "unconstraineddelegation": false, "trustedtoauth": false, "passwordnotreqd": false, "enabled": true, "lastlogon": 0, "lastlogontimestamp": -1, "pwdlastset": 1623122005, "dontreqpreauth": false, "pwdneverexpires": true, "sensitive": false, "serviceprincipalnames": [], "hasspn": false, "displayname": "Steve", "email": null, "title": null, "homedirectory": null, "description": null, "userpassword": null, "admincount": true, "sidhistory": [], "whencreated": 1623122005, "unixpassword": null, "unicodepassword": null, "logonscript": null, "samaccountname": "Steve", "sfupassword": null}, "Aces": [{"RightName": "Owns", "IsInherited": false, "PrincipalSID": "S-1-5-21-2062199590-3607821280-2073525473-512", "PrincipalType": "Group"}, {"RightName": "GenericWrite", "IsInherited": false, "PrincipalSID": "S-1-5-21-2062199590-3607821280-2073525473-512", "PrincipalType": "Group"}, {"RightName": "WriteOwner", "IsInherited": false, "PrincipalSID": "S-1-5-21-2062199590-3607821280-2073525473-512", "PrincipalType": "Group"}, {"RightName": "AllExtendedRights", "IsInherited": false, "PrincipalSID": "S-1-5-21-2062199590-3607821280-2073525473-512", "PrincipalType": "Group"}, {"RightName": "WriteDacl", "IsInherited": false, "PrincipalSID": "S-1-5-21-2062199590-3607821280-2073525473-512", "PrincipalType": "Group"}, {"RightName": "GenericWrite", "IsInherited": false, "PrincipalSID": "S-1-5-21-2062199590-3607821280-2073525473-519", "PrincipalType": "Group"}, {"RightName": "WriteOwner", "IsInherited": false, "PrincipalSID": "S-1-5-21-2062199590-3607821280-2073525473-519", "PrincipalType": "Group"}, {"RightName": "AllExtendedRights", "IsInherited": false, "PrincipalSID": "S-1-5-21-2062199590-3607821280-2073525473-519", "PrincipalType": "Group"}, {"RightName": "WriteDacl", "IsInherited": false, "PrincipalSID": "S-1-5-21-2062199590-3607821280-2073525473-519", "PrincipalType": "Group"}, {"RightName": "GenericWrite", "IsInherited": false, "PrincipalSID": "COOCTUS.CORP-S-1-5-32-544", "PrincipalType": "Group"}, {"RightName": "WriteOwner", "IsInherited": false, "PrincipalSID": "COOCTUS.CORP-S-1-5-32-544", "PrincipalType": "Group"}, {"RightName": "AllExtendedRights", "IsInherited": false, "PrincipalSID": "COOCTUS.CORP-S-1-5-32-544", "PrincipalType": "Group"}, {"RightName": "WriteDacl", "IsInherited": false, "PrincipalSID": "COOCTUS.CORP-S-1-5-32-544", "PrincipalType": "Group"}], "SPNTargets": [], "HasSIDHistory": [], "IsDeleted": false, "IsACLProtected": true},{"AllowedToDelegate": [], "ObjectIdentifier": "S-1-5-21-2062199590-3607821280-2073525473-1116", "PrimaryGroupSID": "S-1-5-21-2062199590-3607821280-2073525473-513", "Properties": {"name": "JEFF@COOCTUS.CORP", "domain": "COOCTUS.CORP", "domainsid": "S-1-5-21-2062199590-3607821280-2073525473", "distinguishedname": "CN=JEFF,OU=DOMAIN-ADMINS,OU=SECURITY-OU,DC=COOCTUS,DC=CORP", "unconstraineddelegation": false, "trustedtoauth": false, "passwordnotreqd": false, "enabled": true, "lastlogon": 0, "lastlogontimestamp": -1, "pwdlastset": 1623130895, "dontreqpreauth": false, "pwdneverexpires": true, "sensitive": false, "serviceprincipalnames": [], "hasspn": false, "displayname": "Jeff", "email": null, "title": null, "homedirectory": null, "description": null, "userpassword": null, "admincount": true, "sidhistory": [], "whencreated": 1623119095, "unixpassword": null, "unicodepassword": null, "logonscript": null, "samaccountname": "Jeff", "sfupassword": null}, "Aces": [{"RightName": "Owns", "IsInherited": false, "PrincipalSID": "S-1-5-21-2062199590-3607821280-2073525473-512", "PrincipalType": "Group"}, {"RightName": "GenericWrite", "IsInherited": false, "PrincipalSID": "S-1-5-21-2062199590-3607821280-2073525473-512", "PrincipalType": "Group"}, {"RightName": "WriteOwner", "IsInherited": false, "PrincipalSID": "S-1-5-21-2062199590-3607821280-2073525473-512", "PrincipalType": "Group"}, {"RightName": "AllExtendedRights", "IsInherited": false, "PrincipalSID": "S-1-5-21-2062199590-3607821280-2073525473-512", "PrincipalType": "Group"}, {"RightName": "WriteDacl", "IsInherited": false, "PrincipalSID": "S-1-5-21-2062199590-3607821280-2073525473-512", "PrincipalType": "Group"}, {"RightName": "GenericWrite", "IsInherited": false, "PrincipalSID": "S-1-5-21-2062199590-3607821280-2073525473-519", "PrincipalType": "Group"}, {"RightName": "WriteOwner", "IsInherited": false, "PrincipalSID": "S-1-5-21-2062199590-3607821280-2073525473-519", "PrincipalType": "Group"}, {"RightName": "AllExtendedRights", "IsInherited": false, "PrincipalSID": "S-1-5-21-2062199590-3607821280-2073525473-519", "PrincipalType": "Group"}, {"RightName": "WriteDacl", "IsInherited": false, "PrincipalSID": "S-1-5-21-2062199590-3607821280-2073525473-519", "PrincipalType": "Group"}, {"RightName": "GenericWrite", "IsInherited": false, "PrincipalSID": "COOCTUS.CORP-S-1-5-32-544", "PrincipalType": "Group"}, {"RightName": "WriteOwner", "IsInherited": false, "PrincipalSID": "COOCTUS.CORP-S-1-5-32-544", "PrincipalType": "Group"}, {"RightName": "AllExtendedRights", "IsInherited": false, "PrincipalSID": "COOCTUS.CORP-S-1-5-32-544", "PrincipalType": "Group"}, {"RightName": "WriteDacl", "IsInherited": false, "PrincipalSID": "COOCTUS.CORP-S-1-5-32-544", "PrincipalType": "Group"}], "SPNTargets": [], "HasSIDHistory": [], "IsDeleted": false, "IsACLProtected": true},{"AllowedToDelegate": [], "ObjectIdentifier": "S-1-5-21-2062199590-3607821280-2073525473-1109", "PrimaryGroupSID": "S-1-5-21-2062199590-3607821280-2073525473-513", "Properties": {"name": "VISITOR@COOCTUS.CORP", "domain": "COOCTUS.CORP", "domainsid": "S-1-5-21-2062199590-3607821280-2073525473", "distinguishedname": "CN=COOCTUS GUEST,OU=SERVICE-ACCOUNTS,DC=COOCTUS,DC=CORP", "unconstraineddelegation": false, "trustedtoauth": false, "passwordnotreqd": false, "enabled": true, "lastlogon": 1721814936, "lastlogontimestamp": 1721814936, "pwdlastset": 1623189631, "dontreqpreauth": false, "pwdneverexpires": true, "sensitive": false, "serviceprincipalnames": [], "hasspn": false, "displayname": "Cooctus Guest", "email": null, "title": null, "homedirectory": null, "description": null, "userpassword": null, "admincount": false, "sidhistory": [], "whencreated": 1623114324, "unixpassword": null, "unicodepassword": null, "logonscript": null, "samaccountname": "Visitor", "sfupassword": null}, "Aces": [{"RightName": "Owns", "IsInherited": false, "PrincipalSID": "S-1-5-21-2062199590-3607821280-2073525473-512", "PrincipalType": "Group"}, {"RightName": "GenericAll", "IsInherited": false, "PrincipalSID": "S-1-5-21-2062199590-3607821280-2073525473-512", "PrincipalType": "Group"}, {"RightName": "GenericAll", "IsInherited": false, "PrincipalSID": "COOCTUS.CORP-S-1-5-32-548", "PrincipalType": "Group"}, {"RightName": "ForceChangePassword", "IsInherited": true, "PrincipalSID": "S-1-5-21-2062199590-3607821280-2073525473-1134", "PrincipalType": "User"}, {"RightName": "AddKeyCredentialLink", "IsInherited": true, "PrincipalSID": "S-1-5-21-2062199590-3607821280-2073525473-526", "PrincipalType": "Group"}, {"RightName": "AddKeyCredentialLink", "IsInherited": true, "PrincipalSID": "S-1-5-21-2062199590-3607821280-2073525473-527", "PrincipalType": "Group"}, {"RightName": "GenericAll", "IsInherited": true, "PrincipalSID": "S-1-5-21-2062199590-3607821280-2073525473-519", "PrincipalType": "Group"}, {"RightName": "GenericWrite", "IsInherited": true, "PrincipalSID": "COOCTUS.CORP-S-1-5-32-544", "PrincipalType": "Group"}, {"RightName": "WriteOwner", "IsInherited": true, "PrincipalSID": "COOCTUS.CORP-S-1-5-32-544", "PrincipalType": "Group"}, {"RightName": "AllExtendedRights", "IsInherited": true, "PrincipalSID": "COOCTUS.CORP-S-1-5-32-544", "PrincipalType": "Group"}, {"RightName": "WriteDacl", "IsInherited": true, "PrincipalSID": "COOCTUS.CORP-S-1-5-32-544", "PrincipalType": "Group"}], "SPNTargets": [], "HasSIDHistory": [], "IsDeleted": false, "IsACLProtected": false},{"AllowedToDelegate": [], "ObjectIdentifier": "S-1-5-21-2062199590-3607821280-2073525473-1115", "PrimaryGroupSID": "S-1-5-21-2062199590-3607821280-2073525473-513", "Properties": {"name": "MARK@COOCTUS.CORP", "domain": "COOCTUS.CORP", "domainsid": "S-1-5-21-2062199590-3607821280-2073525473", "distinguishedname": "CN=MARK,OU=DOMAIN-ADMINS,OU=SECURITY-OU,DC=COOCTUS,DC=CORP", "unconstraineddelegation": false, "trustedtoauth": false, "passwordnotreqd": false, "enabled": true, "lastlogon": 0, "lastlogontimestamp": -1, "pwdlastset": 0, "dontreqpreauth": false, "pwdneverexpires": false, "sensitive": false, "serviceprincipalnames": [], "hasspn": false, "displayname": "Mark", "email": null, "title": null, "homedirectory": null, "description": null, "userpassword": null, "admincount": true, "sidhistory": [], "whencreated": 1623118910, "unixpassword": null, "unicodepassword": null, "logonscript": null, "samaccountname": "mark", "sfupassword": null}, "Aces": [{"RightName": "Owns", "IsInherited": false, "PrincipalSID": "S-1-5-21-2062199590-3607821280-2073525473-512", "PrincipalType": "Group"}, {"RightName": "GenericWrite", "IsInherited": false, "PrincipalSID": "S-1-5-21-2062199590-3607821280-2073525473-512", "PrincipalType": "Group"}, {"RightName": "WriteOwner", "IsInherited": false, "PrincipalSID": "S-1-5-21-2062199590-3607821280-2073525473-512", "PrincipalType": "Group"}, {"RightName": "AllExtendedRights", "IsInherited": false, "PrincipalSID": "S-1-5-21-2062199590-3607821280-2073525473-512", "PrincipalType": "Group"}, {"RightName": "WriteDacl", "IsInherited": false, "PrincipalSID": "S-1-5-21-2062199590-3607821280-2073525473-512", "PrincipalType": "Group"}, {"RightName": "GenericWrite", "IsInherited": false, "PrincipalSID": "S-1-5-21-2062199590-3607821280-2073525473-519", "PrincipalType": "Group"}, {"RightName": "WriteOwner", "IsInherited": false, "PrincipalSID": "S-1-5-21-2062199590-3607821280-2073525473-519", "PrincipalType": "Group"}, {"RightName": "AllExtendedRights", "IsInherited": false, "PrincipalSID": "S-1-5-21-2062199590-3607821280-2073525473-519", "PrincipalType": "Group"}, {"RightName": "WriteDacl", "IsInherited": false, "PrincipalSID": "S-1-5-21-2062199590-3607821280-2073525473-519", "PrincipalType": "Group"}, {"RightName": "GenericWrite", "IsInherited": false, "PrincipalSID": "COOCTUS.CORP-S-1-5-32-544", "PrincipalType": "Group"}, {"RightName": "WriteOwner", "IsInherited": false, "PrincipalSID": "COOCTUS.CORP-S-1-5-32-544", "PrincipalType": "Group"}, {"RightName": "AllExtendedRights", "IsInherited": false, "PrincipalSID": "COOCTUS.CORP-S-1-5-32-544", "PrincipalType": "Group"}, {"RightName": "WriteDacl", "IsInherited": false, "PrincipalSID": "COOCTUS.CORP-S-1-5-32-544", "PrincipalType": "Group"}], "SPNTargets": [], "HasSIDHistory": [], "IsDeleted": false, "IsACLProtected": true},{"AllowedToDelegate": [], "ObjectIdentifier": "S-1-5-21-2062199590-3607821280-2073525473-501", "PrimaryGroupSID": "S-1-5-21-2062199590-3607821280-2073525473-514", "Properties": {"name": "GUEST@COOCTUS.CORP", "domain": "COOCTUS.CORP", "domainsid": "S-1-5-21-2062199590-3607821280-2073525473", "distinguishedname": "CN=GUEST,CN=USERS,DC=COOCTUS,DC=CORP", "unconstraineddelegation": false, "trustedtoauth": false, "passwordnotreqd": true, "enabled": false, "lastlogon": 0, "lastlogontimestamp": -1, "pwdlastset": 0, "dontreqpreauth": false, "pwdneverexpires": true, "sensitive": false, "serviceprincipalnames": [], "hasspn": false, "displayname": null, "email": null, "title": null, "homedirectory": null, "description": "Built-in account for guest access to the computer/domain", "userpassword": null, "admincount": false, "sidhistory": [], "whencreated": 1623112478, "unixpassword": null, "unicodepassword": null, "logonscript": null, "samaccountname": "Guest", "sfupassword": null}, "Aces": [{"RightName": "Owns", "IsInherited": false, "PrincipalSID": "COOCTUS.CORP-S-1-5-32-544", "PrincipalType": "Group"}, {"RightName": "GenericAll", "IsInherited": false, "PrincipalSID": "S-1-5-21-2062199590-3607821280-2073525473-512", "PrincipalType": "Group"}, {"RightName": "GenericAll", "IsInherited": false, "PrincipalSID": "COOCTUS.CORP-S-1-5-32-548", "PrincipalType": "Group"}, {"RightName": "ForceChangePassword", "IsInherited": true, "PrincipalSID": "S-1-5-21-2062199590-3607821280-2073525473-1134", "PrincipalType": "User"}, {"RightName": "AddKeyCredentialLink", "IsInherited": true, "PrincipalSID": "S-1-5-21-2062199590-3607821280-2073525473-526", "PrincipalType": "Group"}, {"RightName": "AddKeyCredentialLink", "IsInherited": true, "PrincipalSID": "S-1-5-21-2062199590-3607821280-2073525473-527", "PrincipalType": "Group"}, {"RightName": "GenericAll", "IsInherited": true, "PrincipalSID": "S-1-5-21-2062199590-3607821280-2073525473-519", "PrincipalType": "Group"}, {"RightName": "GenericWrite", "IsInherited": true, "PrincipalSID": "COOCTUS.CORP-S-1-5-32-544", "PrincipalType": "Group"}, {"RightName": "WriteOwner", "IsInherited": true, "PrincipalSID": "COOCTUS.CORP-S-1-5-32-544", "PrincipalType": "Group"}, {"RightName": "AllExtendedRights", "IsInherited": true, "PrincipalSID": "COOCTUS.CORP-S-1-5-32-544", "PrincipalType": "Group"}, {"RightName": "WriteDacl", "IsInherited": true, "PrincipalSID": "COOCTUS.CORP-S-1-5-32-544", "PrincipalType": "Group"}], "SPNTargets": [], "HasSIDHistory": [], "IsDeleted": false, "IsACLProtected": false},{"AllowedToDelegate": [], "ObjectIdentifier": "S-1-5-21-2062199590-3607821280-2073525473-502", "PrimaryGroupSID": "S-1-5-21-2062199590-3607821280-2073525473-513", "Properties": {"name": "KRBTGT@COOCTUS.CORP", "domain": "COOCTUS.CORP", "domainsid": "S-1-5-21-2062199590-3607821280-2073525473", "distinguishedname": "CN=KRBTGT,CN=USERS,DC=COOCTUS,DC=CORP", "unconstraineddelegation": false, "trustedtoauth": false, "passwordnotreqd": false, "enabled": false, "lastlogon": 0, "lastlogontimestamp": -1, "pwdlastset": 1623112508, "dontreqpreauth": false, "pwdneverexpires": false, "sensitive": false, "serviceprincipalnames": ["kadmin/changepw"], "hasspn": true, "displayname": null, "email": null, "title": null, "homedirectory": null, "description": "Key Distribution Center Service Account", "userpassword": null, "admincount": true, "sidhistory": [], "whencreated": 1623112508, "unixpassword": null, "unicodepassword": null, "logonscript": null, "samaccountname": "krbtgt", "sfupassword": null}, "Aces": [{"RightName": "Owns", "IsInherited": false, "PrincipalSID": "S-1-5-21-2062199590-3607821280-2073525473-512", "PrincipalType": "Group"}, {"RightName": "GenericWrite", "IsInherited": false, "PrincipalSID": "S-1-5-21-2062199590-3607821280-2073525473-512", "PrincipalType": "Group"}, {"RightName": "WriteOwner", "IsInherited": false, "PrincipalSID": "S-1-5-21-2062199590-3607821280-2073525473-512", "PrincipalType": "Group"}, {"RightName": "AllExtendedRights", "IsInherited": false, "PrincipalSID": "S-1-5-21-2062199590-3607821280-2073525473-512", "PrincipalType": "Group"}, {"RightName": "WriteDacl", "IsInherited": false, "PrincipalSID": "S-1-5-21-2062199590-3607821280-2073525473-512", "PrincipalType": "Group"}, {"RightName": "GenericWrite", "IsInherited": false, "PrincipalSID": "S-1-5-21-2062199590-3607821280-2073525473-519", "PrincipalType": "Group"}, {"RightName": "WriteOwner", "IsInherited": false, "PrincipalSID": "S-1-5-21-2062199590-3607821280-2073525473-519", "PrincipalType": "Group"}, {"RightName": "AllExtendedRights", "IsInherited": false, "PrincipalSID": "S-1-5-21-2062199590-3607821280-2073525473-519", "PrincipalType": "Group"}, {"RightName": "WriteDacl", "IsInherited": false, "PrincipalSID": "S-1-5-21-2062199590-3607821280-2073525473-519", "PrincipalType": "Group"}, {"RightName": "GenericWrite", "IsInherited": false, "PrincipalSID": "COOCTUS.CORP-S-1-5-32-544", "PrincipalType": "Group"}, {"RightName": "WriteOwner", "IsInherited": false, "PrincipalSID": "COOCTUS.CORP-S-1-5-32-544", "PrincipalType": "Group"}, {"RightName": "AllExtendedRights", "IsInherited": false, "PrincipalSID": "COOCTUS.CORP-S-1-5-32-544", "PrincipalType": "Group"}, {"RightName": "WriteDacl", "IsInherited": false, "PrincipalSID": "COOCTUS.CORP-S-1-5-32-544", "PrincipalType": "Group"}], "SPNTargets": [], "HasSIDHistory": [], "IsDeleted": false, "IsACLProtected": true},{"AllowedToDelegate": [], "ObjectIdentifier": "S-1-5-21-2062199590-3607821280-2073525473-500", "PrimaryGroupSID": "S-1-5-21-2062199590-3607821280-2073525473-513", "Properties": {"name": "ADMINISTRATOR@COOCTUS.CORP", "domain": "COOCTUS.CORP", "domainsid": "S-1-5-21-2062199590-3607821280-2073525473", "distinguishedname": "CN=ADMINISTRATOR,CN=USERS,DC=COOCTUS,DC=CORP", "unconstraineddelegation": false, "trustedtoauth": false, "passwordnotreqd": false, "enabled": true, "lastlogon": 1625416132, "lastlogontimestamp": 1625414785, "pwdlastset": 1623189625, "dontreqpreauth": false, "pwdneverexpires": true, "sensitive": false, "serviceprincipalnames": [], "hasspn": false, "displayname": null, "email": null, "title": null, "homedirectory": null, "description": "Built-in account for administering the computer/domain", "userpassword": null, "admincount": true, "sidhistory": [], "whencreated": 1623112478, "unixpassword": null, "unicodepassword": null, "logonscript": null, "samaccountname": "Administrator", "sfupassword": null}, "Aces": [{"RightName": "Owns", "IsInherited": false, "PrincipalSID": "S-1-5-21-2062199590-3607821280-2073525473-512", "PrincipalType": "Group"}, {"RightName": "GenericWrite", "IsInherited": false, "PrincipalSID": "S-1-5-21-2062199590-3607821280-2073525473-512", "PrincipalType": "Group"}, {"RightName": "WriteOwner", "IsInherited": false, "PrincipalSID": "S-1-5-21-2062199590-3607821280-2073525473-512", "PrincipalType": "Group"}, {"RightName": "AllExtendedRights", "IsInherited": false, "PrincipalSID": "S-1-5-21-2062199590-3607821280-2073525473-512", "PrincipalType": "Group"}, {"RightName": "WriteDacl", "IsInherited": false, "PrincipalSID": "S-1-5-21-2062199590-3607821280-2073525473-512", "PrincipalType": "Group"}, {"RightName": "GenericWrite", "IsInherited": false, "PrincipalSID": "S-1-5-21-2062199590-3607821280-2073525473-519", "PrincipalType": "Group"}, {"RightName": "WriteOwner", "IsInherited": false, "PrincipalSID": "S-1-5-21-2062199590-3607821280-2073525473-519", "PrincipalType": "Group"}, {"RightName": "AllExtendedRights", "IsInherited": false, "PrincipalSID": "S-1-5-21-2062199590-3607821280-2073525473-519", "PrincipalType": "Group"}, {"RightName": "WriteDacl", "IsInherited": false, "PrincipalSID": "S-1-5-21-2062199590-3607821280-2073525473-519", "PrincipalType": "Group"}, {"RightName": "GenericWrite", "IsInherited": false, "PrincipalSID": "COOCTUS.CORP-S-1-5-32-544", "PrincipalType": "Group"}, {"RightName": "WriteOwner", "IsInherited": false, "PrincipalSID": "COOCTUS.CORP-S-1-5-32-544", "PrincipalType": "Group"}, {"RightName": "AllExtendedRights", "IsInherited": false, "PrincipalSID": "COOCTUS.CORP-S-1-5-32-544", "PrincipalType": "Group"}, {"RightName": "WriteDacl", "IsInherited": false, "PrincipalSID": "COOCTUS.CORP-S-1-5-32-544", "PrincipalType": "Group"}], "SPNTargets": [], "HasSIDHistory": [], "IsDeleted": false, "IsACLProtected": true}],"meta":{"methods":0,"type":"users","count":23, "version":5}}