{"data":[{"ObjectIdentifier": "51AB8B23-4037-433D-9EE6-7421C7AA460A", "Properties": {"domain": "COOCTUS.CORP", "name": "DEFAULT DOMAIN CONTROLLERS POLICY@COOCTUS.CORP", "distinguishedname": "CN={6AC1786C-016F-11D2-945F-00C04FB984F9},CN=POLICIES,CN=SYSTEM,DC=COOCTUS,DC=CORP", "domainsid": "S-1-5-21-2062199590-3607821280-2073525473", "highvalue": false, "gpcpath": "\\\\COOCTUS.CORP\\SYSVOL\\COOCTUS.CORP\\POLICIES\\{6AC1786C-016F-11D2-945F-00C04FB984F9}", "description": null, "whencreated": 1623112478}, "IsDeleted": false, "IsACLProtected": true, "Aces": [{"RightName": "Owns", "IsInherited": false, "PrincipalSID": "S-1-5-21-2062199590-3607821280-2073525473-512", "PrincipalType": "Group"}, {"RightName": "GenericWrite", "IsInherited": false, "PrincipalSID": "S-1-5-21-2062199590-3607821280-2073525473-512", "PrincipalType": "Group"}, {"RightName": "WriteOwner", "IsInherited": false, "PrincipalSID": "S-1-5-21-2062199590-3607821280-2073525473-512", "PrincipalType": "Group"}, {"RightName": "WriteDacl", "IsInherited": false, "PrincipalSID": "S-1-5-21-2062199590-3607821280-2073525473-512", "PrincipalType": "Group"}, {"RightName": "GenericWrite", "IsInherited": false, "PrincipalSID": "S-1-5-21-2062199590-3607821280-2073525473-519", "PrincipalType": "Group"}, {"RightName": "WriteOwner", "IsInherited": false, "PrincipalSID": "S-1-5-21-2062199590-3607821280-2073525473-519", "PrincipalType": "Group"}, {"RightName": "WriteDacl", "IsInherited": false, "PrincipalSID": "S-1-5-21-2062199590-3607821280-2073525473-519", "PrincipalType": "Group"}, {"RightName": "GenericWrite", "IsInherited": false, "PrincipalSID": "S-1-5-21-2062199590-3607821280-2073525473-512", "PrincipalType": "Group"}, {"RightName": "WriteOwner", "IsInherited": false, "PrincipalSID": "S-1-5-21-2062199590-3607821280-2073525473-512", "PrincipalType": "Group"}, {"RightName": "WriteDacl", "IsInherited": false, "PrincipalSID": "S-1-5-21-2062199590-3607821280-2073525473-512", "PrincipalType": "Group"}]},{"ObjectIdentifier": "DE82AEA5-F9FC-42A2-B698-F43CF507A3F5", "Properties": {"domain": "COOCTUS.CORP", "name": "DEFAULT DOMAIN POLICY@COOCTUS.CORP", "distinguishedname": "CN={31B2F340-016D-11D2-945F-00C04FB984F9},CN=POLICIES,CN=SYSTEM,DC=COOCTUS,DC=CORP", "domainsid": "S-1-5-21-2062199590-3607821280-2073525473", "highvalue": false, "gpcpath": "\\\\COOCTUS.CORP\\SYSVOL\\COOCTUS.CORP\\POLICIES\\{31B2F340-016D-11D2-945F-00C04FB984F9}", "description": null, "whencreated": 1623112478}, "IsDeleted": false, "IsACLProtected": true, "Aces": [{"RightName": "Owns", "IsInherited": false, "PrincipalSID": "S-1-5-21-2062199590-3607821280-2073525473-512", "PrincipalType": "Group"}, {"RightName": "GenericWrite", "IsInherited": false, "PrincipalSID": "S-1-5-21-2062199590-3607821280-2073525473-512", "PrincipalType": "Group"}, {"RightName": "WriteOwner", "IsInherited": false, "PrincipalSID": "S-1-5-21-2062199590-3607821280-2073525473-512", "PrincipalType": "Group"}, {"RightName": "WriteDacl", "IsInherited": false, "PrincipalSID": "S-1-5-21-2062199590-3607821280-2073525473-512", "PrincipalType": "Group"}, {"RightName": "GenericWrite", "IsInherited": false, "PrincipalSID": "S-1-5-21-2062199590-3607821280-2073525473-519", "PrincipalType": "Group"}, {"RightName": "WriteOwner", "IsInherited": false, "PrincipalSID": "S-1-5-21-2062199590-3607821280-2073525473-519", "PrincipalType": "Group"}, {"RightName": "WriteDacl", "IsInherited": false, "PrincipalSID": "S-1-5-21-2062199590-3607821280-2073525473-519", "PrincipalType": "Group"}, {"RightName": "GenericWrite", "IsInherited": false, "PrincipalSID": "S-1-5-21-2062199590-3607821280-2073525473-512", "PrincipalType": "Group"}, {"RightName": "WriteOwner", "IsInherited": false, "PrincipalSID": "S-1-5-21-2062199590-3607821280-2073525473-512", "PrincipalType": "Group"}, {"RightName": "WriteDacl", "IsInherited": false, "PrincipalSID": "S-1-5-21-2062199590-3607821280-2073525473-512", "PrincipalType": "Group"}]}],"meta":{"methods":0,"type":"gpos","count":2, "version":5}}